2025-10-09 10:32:06,828 - models.extract - INFO - Clinical NER model loaded successfully.
2025-10-09 10:32:14,720 - __main__ - INFO - Loading Hugging Face embedding model...
2025-10-09 10:32:52,425 - models.extract - INFO - Clinical NER model loaded successfully.
2025-10-09 10:33:08,306 - __main__ - INFO - Loading Hugging Face embedding model...
2025-10-09 10:33:33,863 - __main__ - INFO - Uploaded file saved to uploads\Formatted_Clinical_Report.docx
2025-10-09 10:33:55,616 - __main__ - ERROR - Error in ask_question
Traceback (most recent call last):
  File "C:\Users\IMMERSIVE36\Downloads\medicalchatbot\medicalchatbot\app.py", line 122, in ask_question
    response = chatbot_interaction(question, clinical_data, faiss_index, chat_history)
               ^^^^^^^^^^^^^^^^^^^^^^^^^^^^^^^^^^^^^^^^^^^^^^^^^^^^^^^^^^^^^^^^^^^^^^^
  File "C:\Users\IMMERSIVE36\Downloads\medicalchatbot\medicalchatbot\models\chatbot.py", line 152, in chatbot_interaction
    answer = classify_and_respond(question, faiss_index, clinical_data, chat_history)
             ^^^^^^^^^^^^^^^^^^^^^^^^^^^^^^^^^^^^^^^^^^^^^^^^^^^^^^^^^^^^^^^^^^^^^^^^
  File "C:\Users\IMMERSIVE36\Downloads\medicalchatbot\medicalchatbot\models\chatbot.py", line 123, in classify_and_respond
    patient_response = co.generate(
                       ^^^^^^^^^^^^
  File "C:\Users\IMMERSIVE36\AppData\Local\Programs\Python\Python311\Lib\site-packages\cohere\base_client.py", line 1636, in generate
    raise NotFoundError(
cohere.errors.not_found_error.NotFoundError: status_code: 404, body: {'id': '7c070b01-3537-49a0-9fcc-920a579fae93', 'message': 'Generate API was removed on September 15 2025. Please migrate to Chat API. See https://docs.cohere.com/docs/migrating-from-cogenerate-to-cochat for details.'}
2025-10-09 10:36:12,580 - __main__ - INFO - Uploaded file saved to uploads\Formatted_Clinical_Report.docx
2025-10-09 10:36:17,509 - __main__ - INFO - Generating report...
2025-10-09 10:36:17,509 - __main__ - INFO - Extracting structured data from clinical text...
2025-10-09 10:36:17,509 - models.extract - INFO - Received report content:
Clinical Report
Patient Information
Patient Name: John Doe
Age: 45
Gender: Male
Medical Record Number: MRN-2025-0001
Date of Admission: 2025-03-27
Primary Physician: Dr. Smith
Emergency Contact: Jane Doe (Spouse) - +1-234-567-8901
Medical History
Chronic Conditions:
- Hypertension (Diagnosed: 2020)
- Hyperlipidemia (Diagnosed: 2022)
Past Surgeries:
- Appendectomy (2015)
Allergies:
- Penicillin (Mild rash reaction)
Family Medical History:
- Father: Hypertension, Diabetes
- Mother: Asthma
Symptoms
- Persistent cough (Duration: 2 months, worsened over time)
- Shortness of breath (Triggered by exertion, intermittent)
- Fatigue (Chronic, affecting daily activities)
- Chest pain (Mild, occasional, associated with coughing)
Vital Signs (At Admission)
Temperature: 98.4°F (36.9°C)
Heart Rate: 78 bpm
Blood Pressure: 130/85 mmHg (Elevated)
Respiratory Rate: 18 breaths/min
Oxygen Saturation (SpO2): 96%
Test Results
Complete Blood Count (CBC): Within normal limits (No signs of infection or anemia) Blood Pressure: 130/85 mmHg (Elevated)
Respiratory Rate: 18 breaths/min
Oxygen Saturation (SpO2): 96%
Test Results
Complete Blood Count (CBC): Within normal limits (No signs of infection or anemia)
Chest X-Ray: Mild lung inflammation (Localized in the lower lobes)
ECG (Electrocardiogram): Normal sinus rhythm (No arrhythmias or ischemic changes)
Lipid Profile:
- Total Cholesterol: 220 mg/dL (Elevated)
- LDL: 145 mg/dL (Elevated)
- HDL: 40 mg/dL (Low)
- Triglycerides: 180 mg/dL (Borderline High)
Medications
- Aspirin 75 mg - Once daily (Antiplatelet therapy)
- Lisinopril 10 mg - Once daily (ACE inhibitor for hypertension)
- Atorvastatin 20 mg - Once daily (Lipid-lowering agent)
Lifestyle Factors
Smoking Status: Active smoker (10 cigarettes/day for 20 years)
Alcohol Consumption: Occasional (2-3 drinks/week)
Exercise: Minimal physical activity
Diet: High in saturated fats, low in fiber
Preliminary Diagnosis
- Chronic Bronchitis (Related to smoking history and persistent cough) Exercise: Minimal physical activity
Diet: High in saturated fats, low in fiber
Preliminary Diagnosis
- Chronic Bronchitis (Related to smoking history and persistent cough)
- Hypertension (Partially controlled)
- Dyslipidemia (Elevated cholesterol levels)
2025-10-09 10:36:18,673 - models.extract - INFO - Final Extracted Data:
{
    "full_report": "Clinical Report\nPatient Information\nPatient Name: John Doe\nAge: 45\nGender: Male\nMedical Record Number: MRN-2025-0001\nDate of Admission: 2025-03-27\nPrimary Physician: Dr. Smith\nEmergency Contact: Jane Doe (Spouse) - +1-234-567-8901\nMedical History\nChronic Conditions:\n- Hypertension (Diagnosed: 2020)\n- Hyperlipidemia (Diagnosed: 2022)\nPast Surgeries:\n- Appendectomy (2015)\nAllergies:\n- Penicillin (Mild rash reaction)\nFamily Medical History:\n- Father: Hypertension, Diabetes\n- Mother: Asthma\nSymptoms\n- Persistent cough (Duration: 2 months, worsened over time)\n- Shortness of breath (Triggered by exertion, intermittent)\n- Fatigue (Chronic, affecting daily activities)\n- Chest pain (Mild, occasional, associated with coughing)\nVital Signs (At Admission)\nTemperature: 98.4\u00b0F (36.9\u00b0C)\nHeart Rate: 78 bpm\nBlood Pressure: 130/85 mmHg (Elevated)\nRespiratory Rate: 18 breaths/min\nOxygen Saturation (SpO2): 96%\nTest Results\nComplete Blood Count (CBC): Within normal limits (No signs of infection or anemia) Blood Pressure: 130/85 mmHg (Elevated)\nRespiratory Rate: 18 breaths/min\nOxygen Saturation (SpO2): 96%\nTest Results\nComplete Blood Count (CBC): Within normal limits (No signs of infection or anemia)\nChest X-Ray: Mild lung inflammation (Localized in the lower lobes)\nECG (Electrocardiogram): Normal sinus rhythm (No arrhythmias or ischemic changes)\nLipid Profile:\n- Total Cholesterol: 220 mg/dL (Elevated)\n- LDL: 145 mg/dL (Elevated)\n- HDL: 40 mg/dL (Low)\n- Triglycerides: 180 mg/dL (Borderline High)\nMedications\n- Aspirin 75 mg - Once daily (Antiplatelet therapy)\n- Lisinopril 10 mg - Once daily (ACE inhibitor for hypertension)\n- Atorvastatin 20 mg - Once daily (Lipid-lowering agent)\nLifestyle Factors\nSmoking Status: Active smoker (10 cigarettes/day for 20 years)\nAlcohol Consumption: Occasional (2-3 drinks/week)\nExercise: Minimal physical activity\nDiet: High in saturated fats, low in fiber\nPreliminary Diagnosis\n- Chronic Bronchitis (Related to smoking history and persistent cough) Exercise: Minimal physical activity\nDiet: High in saturated fats, low in fiber\nPreliminary Diagnosis\n- Chronic Bronchitis (Related to smoking history and persistent cough)\n- Hypertension (Partially controlled)\n- Dyslipidemia (Elevated cholesterol levels)",
    "name": "John Doe\nAge",
    "age": "45",
    "gender": "Male",
    "medical_history": "Chronic Conditions:\n- Hypertension (Diagnosed: 2020)\n- Hyperlipidemia (Diagnosed: 2022)\nPast Surgeries:\n- Appendectomy (2015)\nAllergies:\n- Penicillin (Mild rash reaction)\nFamily Medical History:\n- Father: Hypertension, Diabetes\n- Mother: Asthma\nSymptoms\n- Persistent cough (Duration: 2 months, worsened over time)\n- Shortness of breath (Triggered by exertion, intermittent)\n- Fatigue (Chronic, affecting daily activities)\n- Chest pain (Mild, occasional, associated with coughing)\nVital Signs (At Admission)\nTemperature: 98.4\u00b0F (36.9\u00b0C)\nHeart Rate: 78 bpm\nBlood Pressure: 130/85 mmHg (Elevated)\nRespiratory Rate: 18 breaths/min\nOxygen Saturation (SpO2): 96%\nTest Results\nComplete Blood Count (CBC): Within normal limits (No signs of infection or anemia) Blood Pressure: 130/85 mmHg (Elevated)\nRespiratory Rate: 18 breaths/min\nOxygen Saturation (SpO2): 96%\nTest Results\nComplete Blood Count (CBC): Within normal limits (No signs of infection or anemia)\nChest X-Ray: Mild lung inflammation (Localized in the lower lobes)\nECG (Electrocardiogram): Normal sinus rhythm (No arrhythmias or ischemic changes)\nLipid Profile:\n- Total Cholesterol: 220 mg/dL (Elevated)\n- LDL: 145 mg/dL (Elevated)\n- HDL: 40 mg/dL (Low)\n- Triglycerides: 180 mg/dL (Borderline High)\nMedications\n- Aspirin 75 mg - Once daily (Antiplatelet therapy)\n- Lisinopril 10 mg - Once daily (ACE inhibitor for hypertension)\n- Atorvastatin 20 mg - Once daily (Lipid-lowering agent)\nLifestyle Factors\nSmoking Status: Active smoker (10 cigarettes/day for 20 years)\nAlcohol Consumption: Occasional (2-3 drinks/week)\nExercise: Minimal physical activity\nDiet: High in saturated fats, low in fiber\nPreliminary Diagnosis\n- Chronic Bronchitis (Related to smoking history and persistent cough) Exercise: Minimal physical activity\nDiet: High in saturated fats, low in fiber\nPreliminary Diagnosis\n- Chronic Bronchitis (Related to smoking history and persistent cough)\n- Hypertension (Partially controlled)\n- Dyslipidemia (Elevated cholesterol levels)",
    "symptoms": [
        "",
        "Father",
        "HDL",
        "Date of Admission",
        "Chronic Bronchitis",
        "Once daily",
        "Hyperlipidemia",
        "Atorvastatin 20 mg",
        "Total Cholesterol",
        "Penicillin",
        "Primary Physician",
        "Appendectomy",
        "Chest pain",
        "Lisinopril 10 mg",
        "3 drinks",
        "Hypertension",
        "LDL",
        "Triglycerides",
        "Aspirin 75 mg",
        "Medical History",
        "Persistent cough",
        "Shortness of breath",
        "Fatigue",
        "Chronic Conditions",
        "Mother",
        "Dyslipidemia"
    ],
    "vital_signs": {
        "heart_rate": "78",
        "blood_pressure": "130/85",
        "temperature": "98.4"
    },
    "test_results": {
        "- Total Cholesterol": "220",
        "- LDL": "145",
        "- HDL": "40",
        "- Triglycerides": "180"
    },
    "medications": [],
    "preliminary_diagnosis": "Chronic Bronchitis (Related to smoking history and persistent cough) Exercise: Minimal physical activity"
}
2025-10-09 10:36:18,676 - __main__ - INFO - Extracted report data:
{
    "full_report": "Clinical Report\nPatient Information\nPatient Name: John Doe\nAge: 45\nGender: Male\nMedical Record Number: MRN-2025-0001\nDate of Admission: 2025-03-27\nPrimary Physician: Dr. Smith\nEmergency Contact: Jane Doe (Spouse) - +1-234-567-8901\nMedical History\nChronic Conditions:\n- Hypertension (Diagnosed: 2020)\n- Hyperlipidemia (Diagnosed: 2022)\nPast Surgeries:\n- Appendectomy (2015)\nAllergies:\n- Penicillin (Mild rash reaction)\nFamily Medical History:\n- Father: Hypertension, Diabetes\n- Mother: Asthma\nSymptoms\n- Persistent cough (Duration: 2 months, worsened over time)\n- Shortness of breath (Triggered by exertion, intermittent)\n- Fatigue (Chronic, affecting daily activities)\n- Chest pain (Mild, occasional, associated with coughing)\nVital Signs (At Admission)\nTemperature: 98.4\u00b0F (36.9\u00b0C)\nHeart Rate: 78 bpm\nBlood Pressure: 130/85 mmHg (Elevated)\nRespiratory Rate: 18 breaths/min\nOxygen Saturation (SpO2): 96%\nTest Results\nComplete Blood Count (CBC): Within normal limits (No signs of infection or anemia) Blood Pressure: 130/85 mmHg (Elevated)\nRespiratory Rate: 18 breaths/min\nOxygen Saturation (SpO2): 96%\nTest Results\nComplete Blood Count (CBC): Within normal limits (No signs of infection or anemia)\nChest X-Ray: Mild lung inflammation (Localized in the lower lobes)\nECG (Electrocardiogram): Normal sinus rhythm (No arrhythmias or ischemic changes)\nLipid Profile:\n- Total Cholesterol: 220 mg/dL (Elevated)\n- LDL: 145 mg/dL (Elevated)\n- HDL: 40 mg/dL (Low)\n- Triglycerides: 180 mg/dL (Borderline High)\nMedications\n- Aspirin 75 mg - Once daily (Antiplatelet therapy)\n- Lisinopril 10 mg - Once daily (ACE inhibitor for hypertension)\n- Atorvastatin 20 mg - Once daily (Lipid-lowering agent)\nLifestyle Factors\nSmoking Status: Active smoker (10 cigarettes/day for 20 years)\nAlcohol Consumption: Occasional (2-3 drinks/week)\nExercise: Minimal physical activity\nDiet: High in saturated fats, low in fiber\nPreliminary Diagnosis\n- Chronic Bronchitis (Related to smoking history and persistent cough) Exercise: Minimal physical activity\nDiet: High in saturated fats, low in fiber\nPreliminary Diagnosis\n- Chronic Bronchitis (Related to smoking history and persistent cough)\n- Hypertension (Partially controlled)\n- Dyslipidemia (Elevated cholesterol levels)",
    "name": "John Doe\nAge",
    "age": "45",
    "gender": "Male",
    "medical_history": "Chronic Conditions:\n- Hypertension (Diagnosed: 2020)\n- Hyperlipidemia (Diagnosed: 2022)\nPast Surgeries:\n- Appendectomy (2015)\nAllergies:\n- Penicillin (Mild rash reaction)\nFamily Medical History:\n- Father: Hypertension, Diabetes\n- Mother: Asthma\nSymptoms\n- Persistent cough (Duration: 2 months, worsened over time)\n- Shortness of breath (Triggered by exertion, intermittent)\n- Fatigue (Chronic, affecting daily activities)\n- Chest pain (Mild, occasional, associated with coughing)\nVital Signs (At Admission)\nTemperature: 98.4\u00b0F (36.9\u00b0C)\nHeart Rate: 78 bpm\nBlood Pressure: 130/85 mmHg (Elevated)\nRespiratory Rate: 18 breaths/min\nOxygen Saturation (SpO2): 96%\nTest Results\nComplete Blood Count (CBC): Within normal limits (No signs of infection or anemia) Blood Pressure: 130/85 mmHg (Elevated)\nRespiratory Rate: 18 breaths/min\nOxygen Saturation (SpO2): 96%\nTest Results\nComplete Blood Count (CBC): Within normal limits (No signs of infection or anemia)\nChest X-Ray: Mild lung inflammation (Localized in the lower lobes)\nECG (Electrocardiogram): Normal sinus rhythm (No arrhythmias or ischemic changes)\nLipid Profile:\n- Total Cholesterol: 220 mg/dL (Elevated)\n- LDL: 145 mg/dL (Elevated)\n- HDL: 40 mg/dL (Low)\n- Triglycerides: 180 mg/dL (Borderline High)\nMedications\n- Aspirin 75 mg - Once daily (Antiplatelet therapy)\n- Lisinopril 10 mg - Once daily (ACE inhibitor for hypertension)\n- Atorvastatin 20 mg - Once daily (Lipid-lowering agent)\nLifestyle Factors\nSmoking Status: Active smoker (10 cigarettes/day for 20 years)\nAlcohol Consumption: Occasional (2-3 drinks/week)\nExercise: Minimal physical activity\nDiet: High in saturated fats, low in fiber\nPreliminary Diagnosis\n- Chronic Bronchitis (Related to smoking history and persistent cough) Exercise: Minimal physical activity\nDiet: High in saturated fats, low in fiber\nPreliminary Diagnosis\n- Chronic Bronchitis (Related to smoking history and persistent cough)\n- Hypertension (Partially controlled)\n- Dyslipidemia (Elevated cholesterol levels)",
    "symptoms": [
        "",
        "Father",
        "HDL",
        "Date of Admission",
        "Chronic Bronchitis",
        "Once daily",
        "Hyperlipidemia",
        "Atorvastatin 20 mg",
        "Total Cholesterol",
        "Penicillin",
        "Primary Physician",
        "Appendectomy",
        "Chest pain",
        "Lisinopril 10 mg",
        "3 drinks",
        "Hypertension",
        "LDL",
        "Triglycerides",
        "Aspirin 75 mg",
        "Medical History",
        "Persistent cough",
        "Shortness of breath",
        "Fatigue",
        "Chronic Conditions",
        "Mother",
        "Dyslipidemia"
    ],
    "vital_signs": {
        "heart_rate": "78",
        "blood_pressure": "130/85",
        "temperature": "98.4"
    },
    "test_results": {
        "- Total Cholesterol": "220",
        "- LDL": "145",
        "- HDL": "40",
        "- Triglycerides": "180"
    },
    "medications": [],
    "preliminary_diagnosis": "Chronic Bronchitis (Related to smoking history and persistent cough) Exercise: Minimal physical activity"
}
2025-10-09 10:36:18,677 - __main__ - INFO - Generating PDF report...
2025-10-09 10:36:18,678 - models.extract - INFO - Received report content:
Clinical Report
Patient Information
Patient Name: John Doe
Age: 45
Gender: Male
Medical Record Number: MRN-2025-0001
Date of Admission: 2025-03-27
Primary Physician: Dr. Smith
Emergency Contact: Jane Doe (Spouse) - +1-234-567-8901
Medical History
Chronic Conditions:
- Hypertension (Diagnosed: 2020)
- Hyperlipidemia (Diagnosed: 2022)
Past Surgeries:
- Appendectomy (2015)
Allergies:
- Penicillin (Mild rash reaction)
Family Medical History:
- Father: Hypertension, Diabetes
- Mother: Asthma
Symptoms
- Persistent cough (Duration: 2 months, worsened over time)
- Shortness of breath (Triggered by exertion, intermittent)
- Fatigue (Chronic, affecting daily activities)
- Chest pain (Mild, occasional, associated with coughing)
Vital Signs (At Admission)
Temperature: 98.4°F (36.9°C)
Heart Rate: 78 bpm
Blood Pressure: 130/85 mmHg (Elevated)
Respiratory Rate: 18 breaths/min
Oxygen Saturation (SpO2): 96%
Test Results
Complete Blood Count (CBC): Within normal limits (No signs of infection or anemia) Blood Pressure: 130/85 mmHg (Elevated)
Respiratory Rate: 18 breaths/min
Oxygen Saturation (SpO2): 96%
Test Results
Complete Blood Count (CBC): Within normal limits (No signs of infection or anemia)
Chest X-Ray: Mild lung inflammation (Localized in the lower lobes)
ECG (Electrocardiogram): Normal sinus rhythm (No arrhythmias or ischemic changes)
Lipid Profile:
- Total Cholesterol: 220 mg/dL (Elevated)
- LDL: 145 mg/dL (Elevated)
- HDL: 40 mg/dL (Low)
- Triglycerides: 180 mg/dL (Borderline High)
Medications
- Aspirin 75 mg - Once daily (Antiplatelet therapy)
- Lisinopril 10 mg - Once daily (ACE inhibitor for hypertension)
- Atorvastatin 20 mg - Once daily (Lipid-lowering agent)
Lifestyle Factors
Smoking Status: Active smoker (10 cigarettes/day for 20 years)
Alcohol Consumption: Occasional (2-3 drinks/week)
Exercise: Minimal physical activity
Diet: High in saturated fats, low in fiber
Preliminary Diagnosis
- Chronic Bronchitis (Related to smoking history and persistent cough) Exercise: Minimal physical activity
Diet: High in saturated fats, low in fiber
Preliminary Diagnosis
- Chronic Bronchitis (Related to smoking history and persistent cough)
- Hypertension (Partially controlled)
- Dyslipidemia (Elevated cholesterol levels)
2025-10-09 10:36:19,791 - models.extract - INFO - Final Extracted Data:
{
    "full_report": "Clinical Report\nPatient Information\nPatient Name: John Doe\nAge: 45\nGender: Male\nMedical Record Number: MRN-2025-0001\nDate of Admission: 2025-03-27\nPrimary Physician: Dr. Smith\nEmergency Contact: Jane Doe (Spouse) - +1-234-567-8901\nMedical History\nChronic Conditions:\n- Hypertension (Diagnosed: 2020)\n- Hyperlipidemia (Diagnosed: 2022)\nPast Surgeries:\n- Appendectomy (2015)\nAllergies:\n- Penicillin (Mild rash reaction)\nFamily Medical History:\n- Father: Hypertension, Diabetes\n- Mother: Asthma\nSymptoms\n- Persistent cough (Duration: 2 months, worsened over time)\n- Shortness of breath (Triggered by exertion, intermittent)\n- Fatigue (Chronic, affecting daily activities)\n- Chest pain (Mild, occasional, associated with coughing)\nVital Signs (At Admission)\nTemperature: 98.4\u00b0F (36.9\u00b0C)\nHeart Rate: 78 bpm\nBlood Pressure: 130/85 mmHg (Elevated)\nRespiratory Rate: 18 breaths/min\nOxygen Saturation (SpO2): 96%\nTest Results\nComplete Blood Count (CBC): Within normal limits (No signs of infection or anemia) Blood Pressure: 130/85 mmHg (Elevated)\nRespiratory Rate: 18 breaths/min\nOxygen Saturation (SpO2): 96%\nTest Results\nComplete Blood Count (CBC): Within normal limits (No signs of infection or anemia)\nChest X-Ray: Mild lung inflammation (Localized in the lower lobes)\nECG (Electrocardiogram): Normal sinus rhythm (No arrhythmias or ischemic changes)\nLipid Profile:\n- Total Cholesterol: 220 mg/dL (Elevated)\n- LDL: 145 mg/dL (Elevated)\n- HDL: 40 mg/dL (Low)\n- Triglycerides: 180 mg/dL (Borderline High)\nMedications\n- Aspirin 75 mg - Once daily (Antiplatelet therapy)\n- Lisinopril 10 mg - Once daily (ACE inhibitor for hypertension)\n- Atorvastatin 20 mg - Once daily (Lipid-lowering agent)\nLifestyle Factors\nSmoking Status: Active smoker (10 cigarettes/day for 20 years)\nAlcohol Consumption: Occasional (2-3 drinks/week)\nExercise: Minimal physical activity\nDiet: High in saturated fats, low in fiber\nPreliminary Diagnosis\n- Chronic Bronchitis (Related to smoking history and persistent cough) Exercise: Minimal physical activity\nDiet: High in saturated fats, low in fiber\nPreliminary Diagnosis\n- Chronic Bronchitis (Related to smoking history and persistent cough)\n- Hypertension (Partially controlled)\n- Dyslipidemia (Elevated cholesterol levels)",
    "name": "John Doe\nAge",
    "age": "45",
    "gender": "Male",
    "medical_history": "Chronic Conditions:\n- Hypertension (Diagnosed: 2020)\n- Hyperlipidemia (Diagnosed: 2022)\nPast Surgeries:\n- Appendectomy (2015)\nAllergies:\n- Penicillin (Mild rash reaction)\nFamily Medical History:\n- Father: Hypertension, Diabetes\n- Mother: Asthma\nSymptoms\n- Persistent cough (Duration: 2 months, worsened over time)\n- Shortness of breath (Triggered by exertion, intermittent)\n- Fatigue (Chronic, affecting daily activities)\n- Chest pain (Mild, occasional, associated with coughing)\nVital Signs (At Admission)\nTemperature: 98.4\u00b0F (36.9\u00b0C)\nHeart Rate: 78 bpm\nBlood Pressure: 130/85 mmHg (Elevated)\nRespiratory Rate: 18 breaths/min\nOxygen Saturation (SpO2): 96%\nTest Results\nComplete Blood Count (CBC): Within normal limits (No signs of infection or anemia) Blood Pressure: 130/85 mmHg (Elevated)\nRespiratory Rate: 18 breaths/min\nOxygen Saturation (SpO2): 96%\nTest Results\nComplete Blood Count (CBC): Within normal limits (No signs of infection or anemia)\nChest X-Ray: Mild lung inflammation (Localized in the lower lobes)\nECG (Electrocardiogram): Normal sinus rhythm (No arrhythmias or ischemic changes)\nLipid Profile:\n- Total Cholesterol: 220 mg/dL (Elevated)\n- LDL: 145 mg/dL (Elevated)\n- HDL: 40 mg/dL (Low)\n- Triglycerides: 180 mg/dL (Borderline High)\nMedications\n- Aspirin 75 mg - Once daily (Antiplatelet therapy)\n- Lisinopril 10 mg - Once daily (ACE inhibitor for hypertension)\n- Atorvastatin 20 mg - Once daily (Lipid-lowering agent)\nLifestyle Factors\nSmoking Status: Active smoker (10 cigarettes/day for 20 years)\nAlcohol Consumption: Occasional (2-3 drinks/week)\nExercise: Minimal physical activity\nDiet: High in saturated fats, low in fiber\nPreliminary Diagnosis\n- Chronic Bronchitis (Related to smoking history and persistent cough) Exercise: Minimal physical activity\nDiet: High in saturated fats, low in fiber\nPreliminary Diagnosis\n- Chronic Bronchitis (Related to smoking history and persistent cough)\n- Hypertension (Partially controlled)\n- Dyslipidemia (Elevated cholesterol levels)",
    "symptoms": [
        "",
        "Father",
        "HDL",
        "Date of Admission",
        "Chronic Bronchitis",
        "Once daily",
        "Hyperlipidemia",
        "Atorvastatin 20 mg",
        "Total Cholesterol",
        "Penicillin",
        "Primary Physician",
        "Appendectomy",
        "Chest pain",
        "Lisinopril 10 mg",
        "3 drinks",
        "Hypertension",
        "LDL",
        "Triglycerides",
        "Aspirin 75 mg",
        "Medical History",
        "Persistent cough",
        "Shortness of breath",
        "Fatigue",
        "Chronic Conditions",
        "Mother",
        "Dyslipidemia"
    ],
    "vital_signs": {
        "heart_rate": "78",
        "blood_pressure": "130/85",
        "temperature": "98.4"
    },
    "test_results": {
        "- Total Cholesterol": "220",
        "- LDL": "145",
        "- HDL": "40",
        "- Triglycerides": "180"
    },
    "medications": [],
    "preliminary_diagnosis": "Chronic Bronchitis (Related to smoking history and persistent cough) Exercise: Minimal physical activity"
}
2025-10-09 10:36:19,791 - models.diagnosis - INFO - Symptoms: , Father, HDL, Date of Admission, Chronic Bronchitis, Once daily, Hyperlipidemia, Atorvastatin 20 mg, Total Cholesterol, Penicillin, Primary Physician, Appendectomy, Chest pain, Lisinopril 10 mg, 3 drinks, Hypertension, LDL, Triglycerides, Aspirin 75 mg, Medical History, Persistent cough, Shortness of breath, Fatigue, Chronic Conditions, Mother, Dyslipidemia
2025-10-09 10:36:19,791 - models.diagnosis - INFO - Vitals: heart_rate: 78, blood_pressure: 130/85, temperature: 98.4
2025-10-09 10:36:19,797 - models.diagnosis - INFO - Tests: - Total Cholesterol: 220, - LDL: 145, - HDL: 40, - Triglycerides: 180
2025-10-09 10:36:19,797 - models.diagnosis - INFO - Preliminary Diagnosis: Chronic Bronchitis (Related to smoking history and persistent cough) Exercise: Minimal physical activity
2025-10-09 10:36:20,148 - models.diagnosis - ERROR - Cohere failed to generate diagnosis: status_code: 404, body: {'id': 'e25142b6-619b-4154-9eea-02456452b282', 'message': 'Generate API was removed on September 15 2025. Please migrate to Chat API. See https://docs.cohere.com/docs/migrating-from-cogenerate-to-cochat for details.'}
2025-10-09 10:36:30,605 - models.followup - INFO - Fetching diagnosed conditions...
2025-10-09 10:36:30,606 - models.followup - ERROR - Error in diagnosis function: diagnose() takes 1 positional argument but 3 were given
2025-10-09 10:36:30,606 - models.followup - INFO - Patient Data: 
    Symptoms: ['', 'Father', 'HDL', 'Date of Admission', 'Chronic Bronchitis', 'Once daily', 'Hyperlipidemia', 'Atorvastatin 20 mg', 'Total Cholesterol', 'Penicillin', 'Primary Physician', 'Appendectomy', 'Chest pain', 'Lisinopril 10 mg', '3 drinks', 'Hypertension', 'LDL', 'Triglycerides', 'Aspirin 75 mg', 'Medical History', 'Persistent cough', 'Shortness of breath', 'Fatigue', 'Chronic Conditions', 'Mother', 'Dyslipidemia']
    Medical History: {'full_report': 'Clinical Report\nPatient Information\nPatient Name: John Doe\nAge: 45\nGender: Male\nMedical Record Number: MRN-2025-0001\nDate of Admission: 2025-03-27\nPrimary Physician: Dr. Smith\nEmergency Contact: Jane Doe (Spouse) - +1-234-567-8901\nMedical History\nChronic Conditions:\n- Hypertension (Diagnosed: 2020)\n- Hyperlipidemia (Diagnosed: 2022)\nPast Surgeries:\n- Appendectomy (2015)\nAllergies:\n- Penicillin (Mild rash reaction)\nFamily Medical History:\n- Father: Hypertension, Diabetes\n- Mother: Asthma\nSymptoms\n- Persistent cough (Duration: 2 months, worsened over time)\n- Shortness of breath (Triggered by exertion, intermittent)\n- Fatigue (Chronic, affecting daily activities)\n- Chest pain (Mild, occasional, associated with coughing)\nVital Signs (At Admission)\nTemperature: 98.4°F (36.9°C)\nHeart Rate: 78 bpm\nBlood Pressure: 130/85 mmHg (Elevated)\nRespiratory Rate: 18 breaths/min\nOxygen Saturation (SpO2): 96%\nTest Results\nComplete Blood Count (CBC): Within normal limits (No signs of infection or anemia) Blood Pressure: 130/85 mmHg (Elevated)\nRespiratory Rate: 18 breaths/min\nOxygen Saturation (SpO2): 96%\nTest Results\nComplete Blood Count (CBC): Within normal limits (No signs of infection or anemia)\nChest X-Ray: Mild lung inflammation (Localized in the lower lobes)\nECG (Electrocardiogram): Normal sinus rhythm (No arrhythmias or ischemic changes)\nLipid Profile:\n- Total Cholesterol: 220 mg/dL (Elevated)\n- LDL: 145 mg/dL (Elevated)\n- HDL: 40 mg/dL (Low)\n- Triglycerides: 180 mg/dL (Borderline High)\nMedications\n- Aspirin 75 mg - Once daily (Antiplatelet therapy)\n- Lisinopril 10 mg - Once daily (ACE inhibitor for hypertension)\n- Atorvastatin 20 mg - Once daily (Lipid-lowering agent)\nLifestyle Factors\nSmoking Status: Active smoker (10 cigarettes/day for 20 years)\nAlcohol Consumption: Occasional (2-3 drinks/week)\nExercise: Minimal physical activity\nDiet: High in saturated fats, low in fiber\nPreliminary Diagnosis\n- Chronic Bronchitis (Related to smoking history and persistent cough) Exercise: Minimal physical activity\nDiet: High in saturated fats, low in fiber\nPreliminary Diagnosis\n- Chronic Bronchitis (Related to smoking history and persistent cough)\n- Hypertension (Partially controlled)\n- Dyslipidemia (Elevated cholesterol levels)', 'name': 'John Doe', 'age': '45', 'gender': 'Male', 'medical_history': 'Chronic Conditions:\n- Hypertension (Diagnosed: 2020)\n- Hyperlipidemia (Diagnosed: 2022)\nPast Surgeries:\n- Appendectomy (2015)\nAllergies:\n- Penicillin (Mild rash reaction)\nFamily Medical History:\n- Father: Hypertension, Diabetes\n- Mother: Asthma\nSymptoms\n- Persistent cough (Duration: 2 months, worsened over time)\n- Shortness of breath (Triggered by exertion, intermittent)\n- Fatigue (Chronic, affecting daily activities)\n- Chest pain (Mild, occasional, associated with coughing)\nVital Signs (At Admission)\nTemperature: 98.4°F (36.9°C)\nHeart Rate: 78 bpm\nBlood Pressure: 130/85 mmHg (Elevated)\nRespiratory Rate: 18 breaths/min\nOxygen Saturation (SpO2): 96%\nTest Results\nComplete Blood Count (CBC): Within normal limits (No signs of infection or anemia) Blood Pressure: 130/85 mmHg (Elevated)\nRespiratory Rate: 18 breaths/min\nOxygen Saturation (SpO2): 96%\nTest Results\nComplete Blood Count (CBC): Within normal limits (No signs of infection or anemia)\nChest X-Ray: Mild lung inflammation (Localized in the lower lobes)\nECG (Electrocardiogram): Normal sinus rhythm (No arrhythmias or ischemic changes)\nLipid Profile:\n- Total Cholesterol: 220 mg/dL (Elevated)\n- LDL: 145 mg/dL (Elevated)\n- HDL: 40 mg/dL (Low)\n- Triglycerides: 180 mg/dL (Borderline High)\nMedications\n- Aspirin 75 mg - Once daily (Antiplatelet therapy)\n- Lisinopril 10 mg - Once daily (ACE inhibitor for hypertension)\n- Atorvastatin 20 mg - Once daily (Lipid-lowering agent)\nLifestyle Factors\nSmoking Status: Active smoker (10 cigarettes/day for 20 years)\nAlcohol Consumption: Occasional (2-3 drinks/week)\nExercise: Minimal physical activity\nDiet: High in saturated fats, low in fiber\nPreliminary Diagnosis\n- Chronic Bronchitis (Related to smoking history and persistent cough) Exercise: Minimal physical activity\nDiet: High in saturated fats, low in fiber\nPreliminary Diagnosis\n- Chronic Bronchitis (Related to smoking history and persistent cough)\n- Hypertension (Partially controlled)\n- Dyslipidemia (Elevated cholesterol levels)', 'symptoms': ['', 'Father', 'HDL', 'Date of Admission', 'Chronic Bronchitis', 'Once daily', 'Hyperlipidemia', 'Atorvastatin 20 mg', 'Total Cholesterol', 'Penicillin', 'Primary Physician', 'Appendectomy', 'Chest pain', 'Lisinopril 10 mg', '3 drinks', 'Hypertension', 'LDL', 'Triglycerides', 'Aspirin 75 mg', 'Medical History', 'Persistent cough', 'Shortness of breath', 'Fatigue', 'Chronic Conditions', 'Mother', 'Dyslipidemia'], 'vital_signs': {'heart_rate': '78', 'blood_pressure': '130/85', 'temperature': '98.4'}, 'test_results': {'- Total Cholesterol': '220', '- LDL': '145', '- HDL': '40', '- Triglycerides': '180'}, 'medications': [], 'preliminary_diagnosis': 'Chronic Bronchitis (Related to smoking history and persistent cough) Exercise: Minimal physical activity'}  # Use diagnosis to represent the patient's history
    Test Results: {'- Total Cholesterol': '220', '- LDL': '145', '- HDL': '40', '- Triglycerides': '180'}
    Predicted Diagnosis: Unknown Diagnosis
    
2025-10-09 10:36:30,606 - __main__ - ERROR - Error generating report
Traceback (most recent call last):
  File "C:\Users\IMMERSIVE36\Downloads\medicalchatbot\medicalchatbot\app.py", line 155, in generate_report
    report_path = generate_pdf_report(report_data)
                  ^^^^^^^^^^^^^^^^^^^^^^^^^^^^^^^^
  File "C:\Users\IMMERSIVE36\Downloads\medicalchatbot\medicalchatbot\models\report_generation.py", line 166, in generate_pdf_report
    raise e
  File "C:\Users\IMMERSIVE36\Downloads\medicalchatbot\medicalchatbot\models\report_generation.py", line 44, in generate_pdf_report
    followup_data = generate_followup_plan(patient_info.get('symptoms', []), patient_info, patient_info.get('test_results', {})) or {}
                    ^^^^^^^^^^^^^^^^^^^^^^^^^^^^^^^^^^^^^^^^^^^^^^^^^^^^^^^^^^^^^^^^^^^^^^^^^^^^^^^^^^^^^^^^^^^^^^^^^^^^^^^^^^^^
  File "C:\Users\IMMERSIVE36\Downloads\medicalchatbot\medicalchatbot\models\followup.py", line 86, in generate_followup_plan
    inputs = TOKENIZER(input_text, return_tensors="pt", truncation=True, padding=True, max_length=512)
             ^^^^^^^^^^^^^^^^^^^^^^^^^^^^^^^^^^^^^^^^^^^^^^^^^^^^^^^^^^^^^^^^^^^^^^^^^^^^^^^^^^^^^^^^^
TypeError: 'NoneType' object is not callable
2025-10-09 10:39:02,024 - __main__ - INFO - Uploaded file saved to uploads\Formatted_Clinical_Report.docx
2025-10-09 10:39:14,923 - __main__ - ERROR - Error in ask_question
Traceback (most recent call last):
  File "C:\Users\IMMERSIVE36\Downloads\medicalchatbot\medicalchatbot\app.py", line 122, in ask_question
    response = chatbot_interaction(question, clinical_data, faiss_index, chat_history)
               ^^^^^^^^^^^^^^^^^^^^^^^^^^^^^^^^^^^^^^^^^^^^^^^^^^^^^^^^^^^^^^^^^^^^^^^
  File "C:\Users\IMMERSIVE36\Downloads\medicalchatbot\medicalchatbot\models\chatbot.py", line 152, in chatbot_interaction
    answer = classify_and_respond(question, faiss_index, clinical_data, chat_history)
             ^^^^^^^^^^^^^^^^^^^^^^^^^^^^^^^^^^^^^^^^^^^^^^^^^^^^^^^^^^^^^^^^^^^^^^^^
  File "C:\Users\IMMERSIVE36\Downloads\medicalchatbot\medicalchatbot\models\chatbot.py", line 123, in classify_and_respond
    patient_response = co.generate(
                       ^^^^^^^^^^^^
  File "C:\Users\IMMERSIVE36\AppData\Local\Programs\Python\Python311\Lib\site-packages\cohere\base_client.py", line 1636, in generate
    raise NotFoundError(
cohere.errors.not_found_error.NotFoundError: status_code: 404, body: {'id': 'c1dd9ae3-5da7-4add-b031-2acbaf00b350', 'message': 'Generate API was removed on September 15 2025. Please migrate to Chat API. See https://docs.cohere.com/docs/migrating-from-cogenerate-to-cochat for details.'}
2025-10-09 10:40:18,772 - models.extract - INFO - Clinical NER model loaded successfully.
2025-10-09 10:41:01,221 - models.extract - INFO - Clinical NER model loaded successfully.
2025-10-09 10:41:07,030 - __main__ - INFO - Loading Hugging Face embedding model...
2025-10-09 10:41:31,964 - models.extract - INFO - Clinical NER model loaded successfully.
2025-10-09 10:41:40,129 - __main__ - INFO - Loading Hugging Face embedding model...
2025-10-09 10:41:54,889 - __main__ - INFO - Uploaded file saved to uploads\Formatted_Clinical_Report.docx
2025-10-09 10:42:40,674 - __main__ - ERROR - Error in ask_question
Traceback (most recent call last):
  File "C:\Users\IMMERSIVE36\Downloads\medicalchatbot\medicalchatbot\app.py", line 122, in ask_question
    response = chatbot_interaction(question, clinical_data, faiss_index, chat_history)
               ^^^^^^^^^^^^^^^^^^^^^^^^^^^^^^^^^^^^^^^^^^^^^^^^^^^^^^^^^^^^^^^^^^^^^^^
  File "C:\Users\IMMERSIVE36\Downloads\medicalchatbot\medicalchatbot\models\chatbot.py", line 152, in chatbot_interaction
    answer = classify_and_respond(question, faiss_index, clinical_data, chat_history)
             ^^^^^^^^^^^^^^^^^^^^^^^^^^^^^^^^^^^^^^^^^^^^^^^^^^^^^^^^^^^^^^^^^^^^^^^^
  File "C:\Users\IMMERSIVE36\Downloads\medicalchatbot\medicalchatbot\models\chatbot.py", line 123, in classify_and_respond
    patient_response = co.generate(
                       ^^^^^^^^^^^^
  File "C:\Users\IMMERSIVE36\AppData\Local\Programs\Python\Python311\Lib\site-packages\cohere\base_client.py", line 1636, in generate
    raise NotFoundError(
cohere.errors.not_found_error.NotFoundError: status_code: 404, body: {'id': '15feed72-628d-47c4-bb7b-20487b3e0940', 'message': 'Generate API was removed on September 15 2025. Please migrate to Chat API. See https://docs.cohere.com/docs/migrating-from-cogenerate-to-cochat for details.'}
2025-10-09 10:44:25,473 - models.extract - INFO - Clinical NER model loaded successfully.
2025-10-09 10:44:29,987 - __main__ - INFO - Loading Hugging Face embedding model...
2025-10-09 10:44:52,778 - models.extract - INFO - Clinical NER model loaded successfully.
2025-10-09 10:45:38,819 - __main__ - INFO - Loading Hugging Face embedding model...
2025-10-09 10:46:03,823 - __main__ - INFO - Uploaded file saved to uploads\Formatted_Clinical_Report.docx
2025-10-09 10:46:25,284 - __main__ - ERROR - Error in ask_question
Traceback (most recent call last):
  File "C:\Users\IMMERSIVE36\Downloads\medicalchatbot\medicalchatbot\app.py", line 122, in ask_question
    response = chatbot_interaction(question, clinical_data, faiss_index, chat_history)
               ^^^^^^^^^^^^^^^^^^^^^^^^^^^^^^^^^^^^^^^^^^^^^^^^^^^^^^^^^^^^^^^^^^^^^^^
  File "C:\Users\IMMERSIVE36\Downloads\medicalchatbot\medicalchatbot\models\chatbot.py", line 146, in chatbot_interaction
    answer = classify_and_respond(question, faiss_index, clinical_data, chat_history)
             ^^^^^^^^^^^^^^^^^^^^^^^^^^^^^^^^^^^^^^^^^^^^^^^^^^^^^^^^^^^^^^^^^^^^^^^^
  File "C:\Users\IMMERSIVE36\Downloads\medicalchatbot\medicalchatbot\models\chatbot.py", line 120, in classify_and_respond
    patient_response = co.chat(
                       ^^^^^^^^
  File "C:\Users\IMMERSIVE36\AppData\Local\Programs\Python\Python311\Lib\site-packages\cohere\client.py", line 103, in _wrapped
    return func(*args, **kwargs)
           ^^^^^^^^^^^^^^^^^^^^^
  File "C:\Users\IMMERSIVE36\AppData\Local\Programs\Python\Python311\Lib\site-packages\cohere\client.py", line 35, in _wrapped
    return method(*args, **kwargs)
           ^^^^^^^^^^^^^^^^^^^^^^^
  File "C:\Users\IMMERSIVE36\AppData\Local\Programs\Python\Python311\Lib\site-packages\cohere\base_client.py", line 1032, in chat
    raise NotFoundError(
cohere.errors.not_found_error.NotFoundError: status_code: 404, body: {'id': 'abc14fa9-11f2-4d53-bdc1-b860f5275670', 'message': "model 'command-r-plus' was removed on September 15, 2025. See https://docs.cohere.com/docs/models#command for a list of models you can use instead."}
2025-10-09 10:48:03,710 - models.extract - INFO - Clinical NER model loaded successfully.
2025-10-09 10:48:22,925 - __main__ - INFO - Loading Hugging Face embedding model...
2025-10-09 10:48:29,769 - __main__ - INFO - Uploaded file saved to uploads\Formatted_Clinical_Report.docx
2025-10-09 10:48:32,920 - __main__ - INFO - Generating report...
2025-10-09 10:48:32,920 - __main__ - INFO - Extracting structured data from clinical text...
2025-10-09 10:48:32,921 - models.extract - INFO - Received report content:
Clinical Report
Patient Information
Patient Name: John Doe
Age: 45
Gender: Male
Medical Record Number: MRN-2025-0001
Date of Admission: 2025-03-27
Primary Physician: Dr. Smith
Emergency Contact: Jane Doe (Spouse) - +1-234-567-8901
Medical History
Chronic Conditions:
- Hypertension (Diagnosed: 2020)
- Hyperlipidemia (Diagnosed: 2022)
Past Surgeries:
- Appendectomy (2015)
Allergies:
- Penicillin (Mild rash reaction)
Family Medical History:
- Father: Hypertension, Diabetes
- Mother: Asthma
Symptoms
- Persistent cough (Duration: 2 months, worsened over time)
- Shortness of breath (Triggered by exertion, intermittent)
- Fatigue (Chronic, affecting daily activities)
- Chest pain (Mild, occasional, associated with coughing)
Vital Signs (At Admission)
Temperature: 98.4°F (36.9°C)
Heart Rate: 78 bpm
Blood Pressure: 130/85 mmHg (Elevated)
Respiratory Rate: 18 breaths/min
Oxygen Saturation (SpO2): 96%
Test Results
Complete Blood Count (CBC): Within normal limits (No signs of infection or anemia) Blood Pressure: 130/85 mmHg (Elevated)
Respiratory Rate: 18 breaths/min
Oxygen Saturation (SpO2): 96%
Test Results
Complete Blood Count (CBC): Within normal limits (No signs of infection or anemia)
Chest X-Ray: Mild lung inflammation (Localized in the lower lobes)
ECG (Electrocardiogram): Normal sinus rhythm (No arrhythmias or ischemic changes)
Lipid Profile:
- Total Cholesterol: 220 mg/dL (Elevated)
- LDL: 145 mg/dL (Elevated)
- HDL: 40 mg/dL (Low)
- Triglycerides: 180 mg/dL (Borderline High)
Medications
- Aspirin 75 mg - Once daily (Antiplatelet therapy)
- Lisinopril 10 mg - Once daily (ACE inhibitor for hypertension)
- Atorvastatin 20 mg - Once daily (Lipid-lowering agent)
Lifestyle Factors
Smoking Status: Active smoker (10 cigarettes/day for 20 years)
Alcohol Consumption: Occasional (2-3 drinks/week)
Exercise: Minimal physical activity
Diet: High in saturated fats, low in fiber
Preliminary Diagnosis
- Chronic Bronchitis (Related to smoking history and persistent cough) Exercise: Minimal physical activity
Diet: High in saturated fats, low in fiber
Preliminary Diagnosis
- Chronic Bronchitis (Related to smoking history and persistent cough)
- Hypertension (Partially controlled)
- Dyslipidemia (Elevated cholesterol levels)
2025-10-09 10:48:34,283 - models.extract - INFO - Final Extracted Data:
{
    "full_report": "Clinical Report\nPatient Information\nPatient Name: John Doe\nAge: 45\nGender: Male\nMedical Record Number: MRN-2025-0001\nDate of Admission: 2025-03-27\nPrimary Physician: Dr. Smith\nEmergency Contact: Jane Doe (Spouse) - +1-234-567-8901\nMedical History\nChronic Conditions:\n- Hypertension (Diagnosed: 2020)\n- Hyperlipidemia (Diagnosed: 2022)\nPast Surgeries:\n- Appendectomy (2015)\nAllergies:\n- Penicillin (Mild rash reaction)\nFamily Medical History:\n- Father: Hypertension, Diabetes\n- Mother: Asthma\nSymptoms\n- Persistent cough (Duration: 2 months, worsened over time)\n- Shortness of breath (Triggered by exertion, intermittent)\n- Fatigue (Chronic, affecting daily activities)\n- Chest pain (Mild, occasional, associated with coughing)\nVital Signs (At Admission)\nTemperature: 98.4\u00b0F (36.9\u00b0C)\nHeart Rate: 78 bpm\nBlood Pressure: 130/85 mmHg (Elevated)\nRespiratory Rate: 18 breaths/min\nOxygen Saturation (SpO2): 96%\nTest Results\nComplete Blood Count (CBC): Within normal limits (No signs of infection or anemia) Blood Pressure: 130/85 mmHg (Elevated)\nRespiratory Rate: 18 breaths/min\nOxygen Saturation (SpO2): 96%\nTest Results\nComplete Blood Count (CBC): Within normal limits (No signs of infection or anemia)\nChest X-Ray: Mild lung inflammation (Localized in the lower lobes)\nECG (Electrocardiogram): Normal sinus rhythm (No arrhythmias or ischemic changes)\nLipid Profile:\n- Total Cholesterol: 220 mg/dL (Elevated)\n- LDL: 145 mg/dL (Elevated)\n- HDL: 40 mg/dL (Low)\n- Triglycerides: 180 mg/dL (Borderline High)\nMedications\n- Aspirin 75 mg - Once daily (Antiplatelet therapy)\n- Lisinopril 10 mg - Once daily (ACE inhibitor for hypertension)\n- Atorvastatin 20 mg - Once daily (Lipid-lowering agent)\nLifestyle Factors\nSmoking Status: Active smoker (10 cigarettes/day for 20 years)\nAlcohol Consumption: Occasional (2-3 drinks/week)\nExercise: Minimal physical activity\nDiet: High in saturated fats, low in fiber\nPreliminary Diagnosis\n- Chronic Bronchitis (Related to smoking history and persistent cough) Exercise: Minimal physical activity\nDiet: High in saturated fats, low in fiber\nPreliminary Diagnosis\n- Chronic Bronchitis (Related to smoking history and persistent cough)\n- Hypertension (Partially controlled)\n- Dyslipidemia (Elevated cholesterol levels)",
    "name": "John Doe\nAge",
    "age": "45",
    "gender": "Male",
    "medical_history": "Chronic Conditions:\n- Hypertension (Diagnosed: 2020)\n- Hyperlipidemia (Diagnosed: 2022)\nPast Surgeries:\n- Appendectomy (2015)\nAllergies:\n- Penicillin (Mild rash reaction)\nFamily Medical History:\n- Father: Hypertension, Diabetes\n- Mother: Asthma\nSymptoms\n- Persistent cough (Duration: 2 months, worsened over time)\n- Shortness of breath (Triggered by exertion, intermittent)\n- Fatigue (Chronic, affecting daily activities)\n- Chest pain (Mild, occasional, associated with coughing)\nVital Signs (At Admission)\nTemperature: 98.4\u00b0F (36.9\u00b0C)\nHeart Rate: 78 bpm\nBlood Pressure: 130/85 mmHg (Elevated)\nRespiratory Rate: 18 breaths/min\nOxygen Saturation (SpO2): 96%\nTest Results\nComplete Blood Count (CBC): Within normal limits (No signs of infection or anemia) Blood Pressure: 130/85 mmHg (Elevated)\nRespiratory Rate: 18 breaths/min\nOxygen Saturation (SpO2): 96%\nTest Results\nComplete Blood Count (CBC): Within normal limits (No signs of infection or anemia)\nChest X-Ray: Mild lung inflammation (Localized in the lower lobes)\nECG (Electrocardiogram): Normal sinus rhythm (No arrhythmias or ischemic changes)\nLipid Profile:\n- Total Cholesterol: 220 mg/dL (Elevated)\n- LDL: 145 mg/dL (Elevated)\n- HDL: 40 mg/dL (Low)\n- Triglycerides: 180 mg/dL (Borderline High)\nMedications\n- Aspirin 75 mg - Once daily (Antiplatelet therapy)\n- Lisinopril 10 mg - Once daily (ACE inhibitor for hypertension)\n- Atorvastatin 20 mg - Once daily (Lipid-lowering agent)\nLifestyle Factors\nSmoking Status: Active smoker (10 cigarettes/day for 20 years)\nAlcohol Consumption: Occasional (2-3 drinks/week)\nExercise: Minimal physical activity\nDiet: High in saturated fats, low in fiber\nPreliminary Diagnosis\n- Chronic Bronchitis (Related to smoking history and persistent cough) Exercise: Minimal physical activity\nDiet: High in saturated fats, low in fiber\nPreliminary Diagnosis\n- Chronic Bronchitis (Related to smoking history and persistent cough)\n- Hypertension (Partially controlled)\n- Dyslipidemia (Elevated cholesterol levels)",
    "symptoms": [
        "",
        "Lisinopril 10 mg",
        "Hyperlipidemia",
        "Date of Admission",
        "Primary Physician",
        "3 drinks",
        "LDL",
        "Hypertension",
        "Medical History",
        "Persistent cough",
        "Dyslipidemia",
        "HDL",
        "Appendectomy",
        "Fatigue",
        "Atorvastatin 20 mg",
        "Chronic Conditions",
        "Penicillin",
        "Father",
        "Shortness of breath",
        "Triglycerides",
        "Total Cholesterol",
        "Chest pain",
        "Aspirin 75 mg",
        "Once daily",
        "Mother",
        "Chronic Bronchitis"
    ],
    "vital_signs": {
        "heart_rate": "78",
        "blood_pressure": "130/85",
        "temperature": "98.4"
    },
    "test_results": {
        "- Total Cholesterol": "220",
        "- LDL": "145",
        "- HDL": "40",
        "- Triglycerides": "180"
    },
    "medications": [],
    "preliminary_diagnosis": "Chronic Bronchitis (Related to smoking history and persistent cough) Exercise: Minimal physical activity"
}
2025-10-09 10:48:34,285 - __main__ - INFO - Extracted report data:
{
    "full_report": "Clinical Report\nPatient Information\nPatient Name: John Doe\nAge: 45\nGender: Male\nMedical Record Number: MRN-2025-0001\nDate of Admission: 2025-03-27\nPrimary Physician: Dr. Smith\nEmergency Contact: Jane Doe (Spouse) - +1-234-567-8901\nMedical History\nChronic Conditions:\n- Hypertension (Diagnosed: 2020)\n- Hyperlipidemia (Diagnosed: 2022)\nPast Surgeries:\n- Appendectomy (2015)\nAllergies:\n- Penicillin (Mild rash reaction)\nFamily Medical History:\n- Father: Hypertension, Diabetes\n- Mother: Asthma\nSymptoms\n- Persistent cough (Duration: 2 months, worsened over time)\n- Shortness of breath (Triggered by exertion, intermittent)\n- Fatigue (Chronic, affecting daily activities)\n- Chest pain (Mild, occasional, associated with coughing)\nVital Signs (At Admission)\nTemperature: 98.4\u00b0F (36.9\u00b0C)\nHeart Rate: 78 bpm\nBlood Pressure: 130/85 mmHg (Elevated)\nRespiratory Rate: 18 breaths/min\nOxygen Saturation (SpO2): 96%\nTest Results\nComplete Blood Count (CBC): Within normal limits (No signs of infection or anemia) Blood Pressure: 130/85 mmHg (Elevated)\nRespiratory Rate: 18 breaths/min\nOxygen Saturation (SpO2): 96%\nTest Results\nComplete Blood Count (CBC): Within normal limits (No signs of infection or anemia)\nChest X-Ray: Mild lung inflammation (Localized in the lower lobes)\nECG (Electrocardiogram): Normal sinus rhythm (No arrhythmias or ischemic changes)\nLipid Profile:\n- Total Cholesterol: 220 mg/dL (Elevated)\n- LDL: 145 mg/dL (Elevated)\n- HDL: 40 mg/dL (Low)\n- Triglycerides: 180 mg/dL (Borderline High)\nMedications\n- Aspirin 75 mg - Once daily (Antiplatelet therapy)\n- Lisinopril 10 mg - Once daily (ACE inhibitor for hypertension)\n- Atorvastatin 20 mg - Once daily (Lipid-lowering agent)\nLifestyle Factors\nSmoking Status: Active smoker (10 cigarettes/day for 20 years)\nAlcohol Consumption: Occasional (2-3 drinks/week)\nExercise: Minimal physical activity\nDiet: High in saturated fats, low in fiber\nPreliminary Diagnosis\n- Chronic Bronchitis (Related to smoking history and persistent cough) Exercise: Minimal physical activity\nDiet: High in saturated fats, low in fiber\nPreliminary Diagnosis\n- Chronic Bronchitis (Related to smoking history and persistent cough)\n- Hypertension (Partially controlled)\n- Dyslipidemia (Elevated cholesterol levels)",
    "name": "John Doe\nAge",
    "age": "45",
    "gender": "Male",
    "medical_history": "Chronic Conditions:\n- Hypertension (Diagnosed: 2020)\n- Hyperlipidemia (Diagnosed: 2022)\nPast Surgeries:\n- Appendectomy (2015)\nAllergies:\n- Penicillin (Mild rash reaction)\nFamily Medical History:\n- Father: Hypertension, Diabetes\n- Mother: Asthma\nSymptoms\n- Persistent cough (Duration: 2 months, worsened over time)\n- Shortness of breath (Triggered by exertion, intermittent)\n- Fatigue (Chronic, affecting daily activities)\n- Chest pain (Mild, occasional, associated with coughing)\nVital Signs (At Admission)\nTemperature: 98.4\u00b0F (36.9\u00b0C)\nHeart Rate: 78 bpm\nBlood Pressure: 130/85 mmHg (Elevated)\nRespiratory Rate: 18 breaths/min\nOxygen Saturation (SpO2): 96%\nTest Results\nComplete Blood Count (CBC): Within normal limits (No signs of infection or anemia) Blood Pressure: 130/85 mmHg (Elevated)\nRespiratory Rate: 18 breaths/min\nOxygen Saturation (SpO2): 96%\nTest Results\nComplete Blood Count (CBC): Within normal limits (No signs of infection or anemia)\nChest X-Ray: Mild lung inflammation (Localized in the lower lobes)\nECG (Electrocardiogram): Normal sinus rhythm (No arrhythmias or ischemic changes)\nLipid Profile:\n- Total Cholesterol: 220 mg/dL (Elevated)\n- LDL: 145 mg/dL (Elevated)\n- HDL: 40 mg/dL (Low)\n- Triglycerides: 180 mg/dL (Borderline High)\nMedications\n- Aspirin 75 mg - Once daily (Antiplatelet therapy)\n- Lisinopril 10 mg - Once daily (ACE inhibitor for hypertension)\n- Atorvastatin 20 mg - Once daily (Lipid-lowering agent)\nLifestyle Factors\nSmoking Status: Active smoker (10 cigarettes/day for 20 years)\nAlcohol Consumption: Occasional (2-3 drinks/week)\nExercise: Minimal physical activity\nDiet: High in saturated fats, low in fiber\nPreliminary Diagnosis\n- Chronic Bronchitis (Related to smoking history and persistent cough) Exercise: Minimal physical activity\nDiet: High in saturated fats, low in fiber\nPreliminary Diagnosis\n- Chronic Bronchitis (Related to smoking history and persistent cough)\n- Hypertension (Partially controlled)\n- Dyslipidemia (Elevated cholesterol levels)",
    "symptoms": [
        "",
        "Lisinopril 10 mg",
        "Hyperlipidemia",
        "Date of Admission",
        "Primary Physician",
        "3 drinks",
        "LDL",
        "Hypertension",
        "Medical History",
        "Persistent cough",
        "Dyslipidemia",
        "HDL",
        "Appendectomy",
        "Fatigue",
        "Atorvastatin 20 mg",
        "Chronic Conditions",
        "Penicillin",
        "Father",
        "Shortness of breath",
        "Triglycerides",
        "Total Cholesterol",
        "Chest pain",
        "Aspirin 75 mg",
        "Once daily",
        "Mother",
        "Chronic Bronchitis"
    ],
    "vital_signs": {
        "heart_rate": "78",
        "blood_pressure": "130/85",
        "temperature": "98.4"
    },
    "test_results": {
        "- Total Cholesterol": "220",
        "- LDL": "145",
        "- HDL": "40",
        "- Triglycerides": "180"
    },
    "medications": [],
    "preliminary_diagnosis": "Chronic Bronchitis (Related to smoking history and persistent cough) Exercise: Minimal physical activity"
}
2025-10-09 10:48:34,287 - __main__ - INFO - Generating PDF report...
2025-10-09 10:48:34,287 - models.extract - INFO - Received report content:
Clinical Report
Patient Information
Patient Name: John Doe
Age: 45
Gender: Male
Medical Record Number: MRN-2025-0001
Date of Admission: 2025-03-27
Primary Physician: Dr. Smith
Emergency Contact: Jane Doe (Spouse) - +1-234-567-8901
Medical History
Chronic Conditions:
- Hypertension (Diagnosed: 2020)
- Hyperlipidemia (Diagnosed: 2022)
Past Surgeries:
- Appendectomy (2015)
Allergies:
- Penicillin (Mild rash reaction)
Family Medical History:
- Father: Hypertension, Diabetes
- Mother: Asthma
Symptoms
- Persistent cough (Duration: 2 months, worsened over time)
- Shortness of breath (Triggered by exertion, intermittent)
- Fatigue (Chronic, affecting daily activities)
- Chest pain (Mild, occasional, associated with coughing)
Vital Signs (At Admission)
Temperature: 98.4°F (36.9°C)
Heart Rate: 78 bpm
Blood Pressure: 130/85 mmHg (Elevated)
Respiratory Rate: 18 breaths/min
Oxygen Saturation (SpO2): 96%
Test Results
Complete Blood Count (CBC): Within normal limits (No signs of infection or anemia) Blood Pressure: 130/85 mmHg (Elevated)
Respiratory Rate: 18 breaths/min
Oxygen Saturation (SpO2): 96%
Test Results
Complete Blood Count (CBC): Within normal limits (No signs of infection or anemia)
Chest X-Ray: Mild lung inflammation (Localized in the lower lobes)
ECG (Electrocardiogram): Normal sinus rhythm (No arrhythmias or ischemic changes)
Lipid Profile:
- Total Cholesterol: 220 mg/dL (Elevated)
- LDL: 145 mg/dL (Elevated)
- HDL: 40 mg/dL (Low)
- Triglycerides: 180 mg/dL (Borderline High)
Medications
- Aspirin 75 mg - Once daily (Antiplatelet therapy)
- Lisinopril 10 mg - Once daily (ACE inhibitor for hypertension)
- Atorvastatin 20 mg - Once daily (Lipid-lowering agent)
Lifestyle Factors
Smoking Status: Active smoker (10 cigarettes/day for 20 years)
Alcohol Consumption: Occasional (2-3 drinks/week)
Exercise: Minimal physical activity
Diet: High in saturated fats, low in fiber
Preliminary Diagnosis
- Chronic Bronchitis (Related to smoking history and persistent cough) Exercise: Minimal physical activity
Diet: High in saturated fats, low in fiber
Preliminary Diagnosis
- Chronic Bronchitis (Related to smoking history and persistent cough)
- Hypertension (Partially controlled)
- Dyslipidemia (Elevated cholesterol levels)
2025-10-09 10:48:35,692 - models.extract - INFO - Final Extracted Data:
{
    "full_report": "Clinical Report\nPatient Information\nPatient Name: John Doe\nAge: 45\nGender: Male\nMedical Record Number: MRN-2025-0001\nDate of Admission: 2025-03-27\nPrimary Physician: Dr. Smith\nEmergency Contact: Jane Doe (Spouse) - +1-234-567-8901\nMedical History\nChronic Conditions:\n- Hypertension (Diagnosed: 2020)\n- Hyperlipidemia (Diagnosed: 2022)\nPast Surgeries:\n- Appendectomy (2015)\nAllergies:\n- Penicillin (Mild rash reaction)\nFamily Medical History:\n- Father: Hypertension, Diabetes\n- Mother: Asthma\nSymptoms\n- Persistent cough (Duration: 2 months, worsened over time)\n- Shortness of breath (Triggered by exertion, intermittent)\n- Fatigue (Chronic, affecting daily activities)\n- Chest pain (Mild, occasional, associated with coughing)\nVital Signs (At Admission)\nTemperature: 98.4\u00b0F (36.9\u00b0C)\nHeart Rate: 78 bpm\nBlood Pressure: 130/85 mmHg (Elevated)\nRespiratory Rate: 18 breaths/min\nOxygen Saturation (SpO2): 96%\nTest Results\nComplete Blood Count (CBC): Within normal limits (No signs of infection or anemia) Blood Pressure: 130/85 mmHg (Elevated)\nRespiratory Rate: 18 breaths/min\nOxygen Saturation (SpO2): 96%\nTest Results\nComplete Blood Count (CBC): Within normal limits (No signs of infection or anemia)\nChest X-Ray: Mild lung inflammation (Localized in the lower lobes)\nECG (Electrocardiogram): Normal sinus rhythm (No arrhythmias or ischemic changes)\nLipid Profile:\n- Total Cholesterol: 220 mg/dL (Elevated)\n- LDL: 145 mg/dL (Elevated)\n- HDL: 40 mg/dL (Low)\n- Triglycerides: 180 mg/dL (Borderline High)\nMedications\n- Aspirin 75 mg - Once daily (Antiplatelet therapy)\n- Lisinopril 10 mg - Once daily (ACE inhibitor for hypertension)\n- Atorvastatin 20 mg - Once daily (Lipid-lowering agent)\nLifestyle Factors\nSmoking Status: Active smoker (10 cigarettes/day for 20 years)\nAlcohol Consumption: Occasional (2-3 drinks/week)\nExercise: Minimal physical activity\nDiet: High in saturated fats, low in fiber\nPreliminary Diagnosis\n- Chronic Bronchitis (Related to smoking history and persistent cough) Exercise: Minimal physical activity\nDiet: High in saturated fats, low in fiber\nPreliminary Diagnosis\n- Chronic Bronchitis (Related to smoking history and persistent cough)\n- Hypertension (Partially controlled)\n- Dyslipidemia (Elevated cholesterol levels)",
    "name": "John Doe\nAge",
    "age": "45",
    "gender": "Male",
    "medical_history": "Chronic Conditions:\n- Hypertension (Diagnosed: 2020)\n- Hyperlipidemia (Diagnosed: 2022)\nPast Surgeries:\n- Appendectomy (2015)\nAllergies:\n- Penicillin (Mild rash reaction)\nFamily Medical History:\n- Father: Hypertension, Diabetes\n- Mother: Asthma\nSymptoms\n- Persistent cough (Duration: 2 months, worsened over time)\n- Shortness of breath (Triggered by exertion, intermittent)\n- Fatigue (Chronic, affecting daily activities)\n- Chest pain (Mild, occasional, associated with coughing)\nVital Signs (At Admission)\nTemperature: 98.4\u00b0F (36.9\u00b0C)\nHeart Rate: 78 bpm\nBlood Pressure: 130/85 mmHg (Elevated)\nRespiratory Rate: 18 breaths/min\nOxygen Saturation (SpO2): 96%\nTest Results\nComplete Blood Count (CBC): Within normal limits (No signs of infection or anemia) Blood Pressure: 130/85 mmHg (Elevated)\nRespiratory Rate: 18 breaths/min\nOxygen Saturation (SpO2): 96%\nTest Results\nComplete Blood Count (CBC): Within normal limits (No signs of infection or anemia)\nChest X-Ray: Mild lung inflammation (Localized in the lower lobes)\nECG (Electrocardiogram): Normal sinus rhythm (No arrhythmias or ischemic changes)\nLipid Profile:\n- Total Cholesterol: 220 mg/dL (Elevated)\n- LDL: 145 mg/dL (Elevated)\n- HDL: 40 mg/dL (Low)\n- Triglycerides: 180 mg/dL (Borderline High)\nMedications\n- Aspirin 75 mg - Once daily (Antiplatelet therapy)\n- Lisinopril 10 mg - Once daily (ACE inhibitor for hypertension)\n- Atorvastatin 20 mg - Once daily (Lipid-lowering agent)\nLifestyle Factors\nSmoking Status: Active smoker (10 cigarettes/day for 20 years)\nAlcohol Consumption: Occasional (2-3 drinks/week)\nExercise: Minimal physical activity\nDiet: High in saturated fats, low in fiber\nPreliminary Diagnosis\n- Chronic Bronchitis (Related to smoking history and persistent cough) Exercise: Minimal physical activity\nDiet: High in saturated fats, low in fiber\nPreliminary Diagnosis\n- Chronic Bronchitis (Related to smoking history and persistent cough)\n- Hypertension (Partially controlled)\n- Dyslipidemia (Elevated cholesterol levels)",
    "symptoms": [
        "",
        "Lisinopril 10 mg",
        "Hyperlipidemia",
        "Date of Admission",
        "Primary Physician",
        "3 drinks",
        "LDL",
        "Hypertension",
        "Medical History",
        "Persistent cough",
        "Dyslipidemia",
        "HDL",
        "Appendectomy",
        "Fatigue",
        "Atorvastatin 20 mg",
        "Chronic Conditions",
        "Penicillin",
        "Father",
        "Shortness of breath",
        "Triglycerides",
        "Total Cholesterol",
        "Chest pain",
        "Aspirin 75 mg",
        "Once daily",
        "Mother",
        "Chronic Bronchitis"
    ],
    "vital_signs": {
        "heart_rate": "78",
        "blood_pressure": "130/85",
        "temperature": "98.4"
    },
    "test_results": {
        "- Total Cholesterol": "220",
        "- LDL": "145",
        "- HDL": "40",
        "- Triglycerides": "180"
    },
    "medications": [],
    "preliminary_diagnosis": "Chronic Bronchitis (Related to smoking history and persistent cough) Exercise: Minimal physical activity"
}
2025-10-09 10:48:35,694 - models.diagnosis - INFO - Symptoms: , Lisinopril 10 mg, Hyperlipidemia, Date of Admission, Primary Physician, 3 drinks, LDL, Hypertension, Medical History, Persistent cough, Dyslipidemia, HDL, Appendectomy, Fatigue, Atorvastatin 20 mg, Chronic Conditions, Penicillin, Father, Shortness of breath, Triglycerides, Total Cholesterol, Chest pain, Aspirin 75 mg, Once daily, Mother, Chronic Bronchitis
2025-10-09 10:48:35,695 - models.diagnosis - INFO - Vitals: heart_rate: 78, blood_pressure: 130/85, temperature: 98.4
2025-10-09 10:48:35,695 - models.diagnosis - INFO - Tests: - Total Cholesterol: 220, - LDL: 145, - HDL: 40, - Triglycerides: 180
2025-10-09 10:48:35,695 - models.diagnosis - INFO - Preliminary Diagnosis: Chronic Bronchitis (Related to smoking history and persistent cough) Exercise: Minimal physical activity
2025-10-09 10:48:36,018 - models.diagnosis - ERROR - Cohere failed to generate diagnosis: status_code: 404, body: {'id': '1c687ab4-2f7c-444d-b9c4-6ad9b1943b69', 'message': 'Generate API was removed on September 15 2025. Please migrate to Chat API. See https://docs.cohere.com/docs/migrating-from-cogenerate-to-cochat for details.'}
2025-10-09 10:48:49,598 - models.followup - INFO - Fetching diagnosed conditions...
2025-10-09 10:48:49,598 - models.followup - ERROR - Error in diagnosis function: diagnose() takes 1 positional argument but 3 were given
2025-10-09 10:48:49,598 - models.followup - INFO - Patient Data: 
    Symptoms: ['', 'Lisinopril 10 mg', 'Hyperlipidemia', 'Date of Admission', 'Primary Physician', '3 drinks', 'LDL', 'Hypertension', 'Medical History', 'Persistent cough', 'Dyslipidemia', 'HDL', 'Appendectomy', 'Fatigue', 'Atorvastatin 20 mg', 'Chronic Conditions', 'Penicillin', 'Father', 'Shortness of breath', 'Triglycerides', 'Total Cholesterol', 'Chest pain', 'Aspirin 75 mg', 'Once daily', 'Mother', 'Chronic Bronchitis']
    Medical History: {'full_report': 'Clinical Report\nPatient Information\nPatient Name: John Doe\nAge: 45\nGender: Male\nMedical Record Number: MRN-2025-0001\nDate of Admission: 2025-03-27\nPrimary Physician: Dr. Smith\nEmergency Contact: Jane Doe (Spouse) - +1-234-567-8901\nMedical History\nChronic Conditions:\n- Hypertension (Diagnosed: 2020)\n- Hyperlipidemia (Diagnosed: 2022)\nPast Surgeries:\n- Appendectomy (2015)\nAllergies:\n- Penicillin (Mild rash reaction)\nFamily Medical History:\n- Father: Hypertension, Diabetes\n- Mother: Asthma\nSymptoms\n- Persistent cough (Duration: 2 months, worsened over time)\n- Shortness of breath (Triggered by exertion, intermittent)\n- Fatigue (Chronic, affecting daily activities)\n- Chest pain (Mild, occasional, associated with coughing)\nVital Signs (At Admission)\nTemperature: 98.4°F (36.9°C)\nHeart Rate: 78 bpm\nBlood Pressure: 130/85 mmHg (Elevated)\nRespiratory Rate: 18 breaths/min\nOxygen Saturation (SpO2): 96%\nTest Results\nComplete Blood Count (CBC): Within normal limits (No signs of infection or anemia) Blood Pressure: 130/85 mmHg (Elevated)\nRespiratory Rate: 18 breaths/min\nOxygen Saturation (SpO2): 96%\nTest Results\nComplete Blood Count (CBC): Within normal limits (No signs of infection or anemia)\nChest X-Ray: Mild lung inflammation (Localized in the lower lobes)\nECG (Electrocardiogram): Normal sinus rhythm (No arrhythmias or ischemic changes)\nLipid Profile:\n- Total Cholesterol: 220 mg/dL (Elevated)\n- LDL: 145 mg/dL (Elevated)\n- HDL: 40 mg/dL (Low)\n- Triglycerides: 180 mg/dL (Borderline High)\nMedications\n- Aspirin 75 mg - Once daily (Antiplatelet therapy)\n- Lisinopril 10 mg - Once daily (ACE inhibitor for hypertension)\n- Atorvastatin 20 mg - Once daily (Lipid-lowering agent)\nLifestyle Factors\nSmoking Status: Active smoker (10 cigarettes/day for 20 years)\nAlcohol Consumption: Occasional (2-3 drinks/week)\nExercise: Minimal physical activity\nDiet: High in saturated fats, low in fiber\nPreliminary Diagnosis\n- Chronic Bronchitis (Related to smoking history and persistent cough) Exercise: Minimal physical activity\nDiet: High in saturated fats, low in fiber\nPreliminary Diagnosis\n- Chronic Bronchitis (Related to smoking history and persistent cough)\n- Hypertension (Partially controlled)\n- Dyslipidemia (Elevated cholesterol levels)', 'name': 'John Doe', 'age': '45', 'gender': 'Male', 'medical_history': 'Chronic Conditions:\n- Hypertension (Diagnosed: 2020)\n- Hyperlipidemia (Diagnosed: 2022)\nPast Surgeries:\n- Appendectomy (2015)\nAllergies:\n- Penicillin (Mild rash reaction)\nFamily Medical History:\n- Father: Hypertension, Diabetes\n- Mother: Asthma\nSymptoms\n- Persistent cough (Duration: 2 months, worsened over time)\n- Shortness of breath (Triggered by exertion, intermittent)\n- Fatigue (Chronic, affecting daily activities)\n- Chest pain (Mild, occasional, associated with coughing)\nVital Signs (At Admission)\nTemperature: 98.4°F (36.9°C)\nHeart Rate: 78 bpm\nBlood Pressure: 130/85 mmHg (Elevated)\nRespiratory Rate: 18 breaths/min\nOxygen Saturation (SpO2): 96%\nTest Results\nComplete Blood Count (CBC): Within normal limits (No signs of infection or anemia) Blood Pressure: 130/85 mmHg (Elevated)\nRespiratory Rate: 18 breaths/min\nOxygen Saturation (SpO2): 96%\nTest Results\nComplete Blood Count (CBC): Within normal limits (No signs of infection or anemia)\nChest X-Ray: Mild lung inflammation (Localized in the lower lobes)\nECG (Electrocardiogram): Normal sinus rhythm (No arrhythmias or ischemic changes)\nLipid Profile:\n- Total Cholesterol: 220 mg/dL (Elevated)\n- LDL: 145 mg/dL (Elevated)\n- HDL: 40 mg/dL (Low)\n- Triglycerides: 180 mg/dL (Borderline High)\nMedications\n- Aspirin 75 mg - Once daily (Antiplatelet therapy)\n- Lisinopril 10 mg - Once daily (ACE inhibitor for hypertension)\n- Atorvastatin 20 mg - Once daily (Lipid-lowering agent)\nLifestyle Factors\nSmoking Status: Active smoker (10 cigarettes/day for 20 years)\nAlcohol Consumption: Occasional (2-3 drinks/week)\nExercise: Minimal physical activity\nDiet: High in saturated fats, low in fiber\nPreliminary Diagnosis\n- Chronic Bronchitis (Related to smoking history and persistent cough) Exercise: Minimal physical activity\nDiet: High in saturated fats, low in fiber\nPreliminary Diagnosis\n- Chronic Bronchitis (Related to smoking history and persistent cough)\n- Hypertension (Partially controlled)\n- Dyslipidemia (Elevated cholesterol levels)', 'symptoms': ['', 'Lisinopril 10 mg', 'Hyperlipidemia', 'Date of Admission', 'Primary Physician', '3 drinks', 'LDL', 'Hypertension', 'Medical History', 'Persistent cough', 'Dyslipidemia', 'HDL', 'Appendectomy', 'Fatigue', 'Atorvastatin 20 mg', 'Chronic Conditions', 'Penicillin', 'Father', 'Shortness of breath', 'Triglycerides', 'Total Cholesterol', 'Chest pain', 'Aspirin 75 mg', 'Once daily', 'Mother', 'Chronic Bronchitis'], 'vital_signs': {'heart_rate': '78', 'blood_pressure': '130/85', 'temperature': '98.4'}, 'test_results': {'- Total Cholesterol': '220', '- LDL': '145', '- HDL': '40', '- Triglycerides': '180'}, 'medications': [], 'preliminary_diagnosis': 'Chronic Bronchitis (Related to smoking history and persistent cough) Exercise: Minimal physical activity'}  # Use diagnosis to represent the patient's history
    Test Results: {'- Total Cholesterol': '220', '- LDL': '145', '- HDL': '40', '- Triglycerides': '180'}
    Predicted Diagnosis: Unknown Diagnosis
    
2025-10-09 10:48:49,930 - models.followup - ERROR - Cohere error: status_code: 404, body: {'id': '45d507f0-1d06-4925-99a2-fa90eeb57b23', 'message': "model 'command-r' was removed on September 15, 2025. See https://docs.cohere.com/docs/models#command for a list of models you can use instead."}
2025-10-09 10:48:49,934 - __main__ - INFO - Report generated at: C:\Users\IMMERSIVE36\Downloads\medicalchatbot\medicalchatbot\reports\report_John_Doe.pdf
2025-10-09 10:50:32,440 - __main__ - ERROR - Error in ask_question
Traceback (most recent call last):
  File "C:\Users\IMMERSIVE36\Downloads\medicalchatbot\medicalchatbot\app.py", line 122, in ask_question
    response = chatbot_interaction(question, clinical_data, faiss_index, chat_history)
               ^^^^^^^^^^^^^^^^^^^^^^^^^^^^^^^^^^^^^^^^^^^^^^^^^^^^^^^^^^^^^^^^^^^^^^^
  File "C:\Users\IMMERSIVE36\Downloads\medicalchatbot\medicalchatbot\models\chatbot.py", line 146, in chatbot_interaction
    answer = classify_and_respond(question, faiss_index, clinical_data, chat_history)
             ^^^^^^^^^^^^^^^^^^^^^^^^^^^^^^^^^^^^^^^^^^^^^^^^^^^^^^^^^^^^^^^^^^^^^^^^
  File "C:\Users\IMMERSIVE36\Downloads\medicalchatbot\medicalchatbot\models\chatbot.py", line 120, in classify_and_respond
    patient_response = co.chat(
                       ^^^^^^^^
  File "C:\Users\IMMERSIVE36\AppData\Local\Programs\Python\Python311\Lib\site-packages\cohere\client.py", line 103, in _wrapped
    return func(*args, **kwargs)
           ^^^^^^^^^^^^^^^^^^^^^
  File "C:\Users\IMMERSIVE36\AppData\Local\Programs\Python\Python311\Lib\site-packages\cohere\client.py", line 35, in _wrapped
    return method(*args, **kwargs)
           ^^^^^^^^^^^^^^^^^^^^^^^
  File "C:\Users\IMMERSIVE36\AppData\Local\Programs\Python\Python311\Lib\site-packages\cohere\base_client.py", line 1032, in chat
    raise NotFoundError(
cohere.errors.not_found_error.NotFoundError: status_code: 404, body: {'id': '8b8360d1-828f-44b0-89e8-8b71b22838cf', 'message': "model 'command-r' was removed on September 15, 2025. See https://docs.cohere.com/docs/models#command for a list of models you can use instead."}
2025-10-09 10:51:29,272 - models.extract - INFO - Clinical NER model loaded successfully.
2025-10-09 10:51:37,865 - __main__ - INFO - Loading Hugging Face embedding model...
2025-10-09 10:52:07,637 - __main__ - INFO - Generating report...
2025-10-09 10:52:07,637 - __main__ - ERROR - No clinical data available. Upload a report first.
2025-10-09 10:52:12,746 - __main__ - INFO - Uploaded file saved to uploads\Formatted_Clinical_Report.docx
2025-10-09 10:52:24,320 - __main__ - ERROR - Error in ask_question
Traceback (most recent call last):
  File "C:\Users\IMMERSIVE36\Downloads\medicalchatbot\medicalchatbot\app.py", line 122, in ask_question
    response = chatbot_interaction(question, clinical_data, faiss_index, chat_history)
               ^^^^^^^^^^^^^^^^^^^^^^^^^^^^^^^^^^^^^^^^^^^^^^^^^^^^^^^^^^^^^^^^^^^^^^^
  File "C:\Users\IMMERSIVE36\Downloads\medicalchatbot\medicalchatbot\models\chatbot.py", line 146, in chatbot_interaction
    answer = classify_and_respond(question, faiss_index, clinical_data, chat_history)
             ^^^^^^^^^^^^^^^^^^^^^^^^^^^^^^^^^^^^^^^^^^^^^^^^^^^^^^^^^^^^^^^^^^^^^^^^
  File "C:\Users\IMMERSIVE36\Downloads\medicalchatbot\medicalchatbot\models\chatbot.py", line 120, in classify_and_respond
    patient_response = co.chat(
                       ^^^^^^^^
  File "C:\Users\IMMERSIVE36\AppData\Local\Programs\Python\Python311\Lib\site-packages\cohere\client.py", line 103, in _wrapped
    return func(*args, **kwargs)
           ^^^^^^^^^^^^^^^^^^^^^
  File "C:\Users\IMMERSIVE36\AppData\Local\Programs\Python\Python311\Lib\site-packages\cohere\client.py", line 35, in _wrapped
    return method(*args, **kwargs)
           ^^^^^^^^^^^^^^^^^^^^^^^
  File "C:\Users\IMMERSIVE36\AppData\Local\Programs\Python\Python311\Lib\site-packages\cohere\base_client.py", line 1032, in chat
    raise NotFoundError(
cohere.errors.not_found_error.NotFoundError: status_code: 404, body: {'id': '1d72345c-7730-4749-a30a-634794f86af3', 'message': "model 'command-r' was removed on September 15, 2025. See https://docs.cohere.com/docs/models#command for a list of models you can use instead."}
2025-10-09 10:53:29,767 - models.extract - INFO - Clinical NER model loaded successfully.
2025-10-09 10:53:38,099 - __main__ - INFO - Loading Hugging Face embedding model...
2025-10-09 10:54:41,065 - models.extract - INFO - Clinical NER model loaded successfully.
2025-10-09 10:54:49,404 - __main__ - INFO - Loading Hugging Face embedding model...
2025-10-09 10:55:31,017 - models.extract - INFO - Clinical NER model loaded successfully.
2025-10-09 10:55:39,419 - __main__ - INFO - Loading Hugging Face embedding model...
2025-10-09 10:57:02,991 - __main__ - INFO - Uploaded file saved to uploads\Formatted_Clinical_Report.docx
2025-10-09 10:57:13,366 - __main__ - ERROR - Error in ask_question
Traceback (most recent call last):
  File "C:\Users\IMMERSIVE36\Downloads\medicalchatbot\medicalchatbot\app.py", line 122, in ask_question
    response = chatbot_interaction(question, clinical_data, faiss_index, chat_history)
               ^^^^^^^^^^^^^^^^^^^^^^^^^^^^^^^^^^^^^^^^^^^^^^^^^^^^^^^^^^^^^^^^^^^^^^^
  File "C:\Users\IMMERSIVE36\Downloads\medicalchatbot\medicalchatbot\models\chatbot.py", line 152, in chatbot_interaction
    answer = classify_and_respond(question, faiss_index, clinical_data, chat_history)
             ^^^^^^^^^^^^^^^^^^^^^^^^^^^^^^^^^^^^^^^^^^^^^^^^^^^^^^^^^^^^^^^^^^^^^^^^
  File "C:\Users\IMMERSIVE36\Downloads\medicalchatbot\medicalchatbot\models\chatbot.py", line 123, in classify_and_respond
    patient_response = co.generate(
                       ^^^^^^^^^^^^
  File "C:\Users\IMMERSIVE36\AppData\Local\Programs\Python\Python311\Lib\site-packages\cohere\base_client.py", line 1636, in generate
    raise NotFoundError(
cohere.errors.not_found_error.NotFoundError: status_code: 404, body: {'id': '050e5206-51db-4f1f-9ff6-5e75aa039aa6', 'message': 'Generate API was removed on September 15 2025. Please migrate to Chat API. See https://docs.cohere.com/docs/migrating-from-cogenerate-to-cochat for details.'}
2025-10-09 10:57:52,500 - models.extract - INFO - Clinical NER model loaded successfully.
2025-10-09 10:58:01,761 - __main__ - INFO - Loading Hugging Face embedding model...
2025-10-09 10:58:46,009 - models.extract - INFO - Clinical NER model loaded successfully.
2025-10-09 10:58:54,699 - __main__ - INFO - Loading Hugging Face embedding model...
2025-10-09 11:02:48,979 - models.extract - INFO - Clinical NER model loaded successfully.
2025-10-09 11:02:56,990 - __main__ - INFO - Loading Hugging Face embedding model...
2025-10-09 11:03:35,452 - models.extract - INFO - Clinical NER model loaded successfully.
2025-10-09 11:03:43,395 - __main__ - INFO - Loading Hugging Face embedding model...
2025-10-09 11:04:51,093 - models.extract - INFO - Clinical NER model loaded successfully.
2025-10-09 11:07:46,233 - models.extract - INFO - Clinical NER model loaded successfully.
2025-10-09 11:07:51,323 - __main__ - INFO - Loading Hugging Face embedding model...
2025-10-09 11:08:18,880 - models.extract - INFO - Clinical NER model loaded successfully.
2025-10-09 11:08:27,682 - __main__ - INFO - Loading Hugging Face embedding model...
2025-10-09 11:09:02,881 - __main__ - INFO - Uploaded file saved to uploads\Formatted_Clinical_Report.docx
2025-10-09 11:09:11,148 - __main__ - ERROR - Error in ask_question
Traceback (most recent call last):
  File "C:\Users\IMMERSIVE36\Downloads\medicalchatbot\medicalchatbot\app.py", line 122, in ask_question
    response = chatbot_interaction(question, clinical_data, faiss_index, chat_history)
               ^^^^^^^^^^^^^^^^^^^^^^^^^^^^^^^^^^^^^^^^^^^^^^^^^^^^^^^^^^^^^^^^^^^^^^^
  File "C:\Users\IMMERSIVE36\Downloads\medicalchatbot\medicalchatbot\models\chatbot.py", line 153, in chatbot_interaction
    answer = classify_and_respond(question, faiss_index, clinical_data, chat_history)
             ^^^^^^^^^^^^^^^^^^^^^^^^^^^^^^^^^^^^^^^^^^^^^^^^^^^^^^^^^^^^^^^^^^^^^^^^
  File "C:\Users\IMMERSIVE36\Downloads\medicalchatbot\medicalchatbot\models\chatbot.py", line 124, in classify_and_respond
    patient_response = co.generate(
                       ^^^^^^^^^^^^
  File "C:\Users\IMMERSIVE36\AppData\Local\Programs\Python\Python311\Lib\site-packages\cohere\base_client.py", line 1636, in generate
    raise NotFoundError(
cohere.errors.not_found_error.NotFoundError: status_code: 404, body: {'id': '90b77ce8-c81e-4129-a54e-a42fbf8c2026', 'message': 'Generate API was removed on September 15 2025. Please migrate to Chat API. See https://docs.cohere.com/docs/migrating-from-cogenerate-to-cochat for details.'}
2025-10-09 11:10:15,441 - models.extract - INFO - Clinical NER model loaded successfully.
2025-10-09 11:10:23,410 - __main__ - INFO - Loading Hugging Face embedding model...
2025-10-09 11:10:41,829 - __main__ - INFO - Uploaded file saved to uploads\Formatted_Clinical_Report.docx
2025-10-09 11:11:00,227 - __main__ - ERROR - Error in ask_question
Traceback (most recent call last):
  File "C:\Users\IMMERSIVE36\Downloads\medicalchatbot\medicalchatbot\app.py", line 122, in ask_question
    response = chatbot_interaction(question, clinical_data, faiss_index, chat_history)
               ^^^^^^^^^^^^^^^^^^^^^^^^^^^^^^^^^^^^^^^^^^^^^^^^^^^^^^^^^^^^^^^^^^^^^^^
  File "C:\Users\IMMERSIVE36\Downloads\medicalchatbot\medicalchatbot\models\chatbot.py", line 153, in chatbot_interaction
    answer = classify_and_respond(question, faiss_index, clinical_data, chat_history)
             ^^^^^^^^^^^^^^^^^^^^^^^^^^^^^^^^^^^^^^^^^^^^^^^^^^^^^^^^^^^^^^^^^^^^^^^^
  File "C:\Users\IMMERSIVE36\Downloads\medicalchatbot\medicalchatbot\models\chatbot.py", line 124, in classify_and_respond
    patient_response = co.chat(
                       ^^^^^^^^
  File "C:\Users\IMMERSIVE36\AppData\Local\Programs\Python\Python311\Lib\site-packages\cohere\client.py", line 103, in _wrapped
    return func(*args, **kwargs)
           ^^^^^^^^^^^^^^^^^^^^^
  File "C:\Users\IMMERSIVE36\AppData\Local\Programs\Python\Python311\Lib\site-packages\cohere\client.py", line 35, in _wrapped
    return method(*args, **kwargs)
           ^^^^^^^^^^^^^^^^^^^^^^^
TypeError: BaseCohere.chat() got an unexpected keyword argument 'prompt'
2025-10-09 11:12:39,250 - models.extract - INFO - Clinical NER model loaded successfully.
2025-10-09 11:12:47,432 - __main__ - INFO - Loading Hugging Face embedding model...
2025-10-09 11:13:16,201 - __main__ - INFO - Uploaded file saved to uploads\Formatted_Clinical_Report.docx
2025-10-09 11:13:25,426 - __main__ - ERROR - Error in ask_question
Traceback (most recent call last):
  File "C:\Users\IMMERSIVE36\Downloads\medicalchatbot\medicalchatbot\app.py", line 122, in ask_question
    response = chatbot_interaction(question, clinical_data, faiss_index, chat_history)
               ^^^^^^^^^^^^^^^^^^^^^^^^^^^^^^^^^^^^^^^^^^^^^^^^^^^^^^^^^^^^^^^^^^^^^^^
  File "C:\Users\IMMERSIVE36\Downloads\medicalchatbot\medicalchatbot\models\chatbot.py", line 153, in chatbot_interaction
    answer = classify_and_respond(question, faiss_index, clinical_data, chat_history)
             ^^^^^^^^^^^^^^^^^^^^^^^^^^^^^^^^^^^^^^^^^^^^^^^^^^^^^^^^^^^^^^^^^^^^^^^^
  File "C:\Users\IMMERSIVE36\Downloads\medicalchatbot\medicalchatbot\models\chatbot.py", line 124, in classify_and_respond
    patient_response = co.chat(
                       ^^^^^^^^
  File "C:\Users\IMMERSIVE36\AppData\Local\Programs\Python\Python311\Lib\site-packages\cohere\client.py", line 103, in _wrapped
    return func(*args, **kwargs)
           ^^^^^^^^^^^^^^^^^^^^^
  File "C:\Users\IMMERSIVE36\AppData\Local\Programs\Python\Python311\Lib\site-packages\cohere\client.py", line 35, in _wrapped
    return method(*args, **kwargs)
           ^^^^^^^^^^^^^^^^^^^^^^^
  File "C:\Users\IMMERSIVE36\AppData\Local\Programs\Python\Python311\Lib\site-packages\cohere\base_client.py", line 1032, in chat
    raise NotFoundError(
cohere.errors.not_found_error.NotFoundError: status_code: 404, body: {'id': 'c09e4c8a-2bfe-4703-a24a-6de2db08d25b', 'message': "model 'command-r-plus' was removed on September 15, 2025. See https://docs.cohere.com/docs/models#command for a list of models you can use instead."}
2025-10-09 11:19:24,553 - models.extract - INFO - Clinical NER model loaded successfully.
2025-10-09 11:19:30,573 - __main__ - INFO - Loading Hugging Face embedding model...
2025-10-09 11:19:57,584 - models.extract - INFO - Clinical NER model loaded successfully.
2025-10-09 11:20:06,717 - __main__ - INFO - Loading Hugging Face embedding model...
2025-10-09 11:20:48,573 - __main__ - INFO - Uploaded file saved to uploads\Formatted_Clinical_Report.docx
2025-10-09 11:20:52,124 - __main__ - INFO - Generating report...
2025-10-09 11:20:52,124 - __main__ - INFO - Extracting structured data from clinical text...
2025-10-09 11:20:52,124 - models.extract - INFO - Received report content:
Clinical Report
Patient Information
Patient Name: John Doe
Age: 45
Gender: Male
Medical Record Number: MRN-2025-0001
Date of Admission: 2025-03-27
Primary Physician: Dr. Smith
Emergency Contact: Jane Doe (Spouse) - +1-234-567-8901
Medical History
Chronic Conditions:
- Hypertension (Diagnosed: 2020)
- Hyperlipidemia (Diagnosed: 2022)
Past Surgeries:
- Appendectomy (2015)
Allergies:
- Penicillin (Mild rash reaction)
Family Medical History:
- Father: Hypertension, Diabetes
- Mother: Asthma
Symptoms
- Persistent cough (Duration: 2 months, worsened over time)
- Shortness of breath (Triggered by exertion, intermittent)
- Fatigue (Chronic, affecting daily activities)
- Chest pain (Mild, occasional, associated with coughing)
Vital Signs (At Admission)
Temperature: 98.4°F (36.9°C)
Heart Rate: 78 bpm
Blood Pressure: 130/85 mmHg (Elevated)
Respiratory Rate: 18 breaths/min
Oxygen Saturation (SpO2): 96%
Test Results
Complete Blood Count (CBC): Within normal limits (No signs of infection or anemia) Blood Pressure: 130/85 mmHg (Elevated)
Respiratory Rate: 18 breaths/min
Oxygen Saturation (SpO2): 96%
Test Results
Complete Blood Count (CBC): Within normal limits (No signs of infection or anemia)
Chest X-Ray: Mild lung inflammation (Localized in the lower lobes)
ECG (Electrocardiogram): Normal sinus rhythm (No arrhythmias or ischemic changes)
Lipid Profile:
- Total Cholesterol: 220 mg/dL (Elevated)
- LDL: 145 mg/dL (Elevated)
- HDL: 40 mg/dL (Low)
- Triglycerides: 180 mg/dL (Borderline High)
Medications
- Aspirin 75 mg - Once daily (Antiplatelet therapy)
- Lisinopril 10 mg - Once daily (ACE inhibitor for hypertension)
- Atorvastatin 20 mg - Once daily (Lipid-lowering agent)
Lifestyle Factors
Smoking Status: Active smoker (10 cigarettes/day for 20 years)
Alcohol Consumption: Occasional (2-3 drinks/week)
Exercise: Minimal physical activity
Diet: High in saturated fats, low in fiber
Preliminary Diagnosis
- Chronic Bronchitis (Related to smoking history and persistent cough) Exercise: Minimal physical activity
Diet: High in saturated fats, low in fiber
Preliminary Diagnosis
- Chronic Bronchitis (Related to smoking history and persistent cough)
- Hypertension (Partially controlled)
- Dyslipidemia (Elevated cholesterol levels)
2025-10-09 11:20:53,449 - models.extract - INFO - Final Extracted Data:
{
    "full_report": "Clinical Report\nPatient Information\nPatient Name: John Doe\nAge: 45\nGender: Male\nMedical Record Number: MRN-2025-0001\nDate of Admission: 2025-03-27\nPrimary Physician: Dr. Smith\nEmergency Contact: Jane Doe (Spouse) - +1-234-567-8901\nMedical History\nChronic Conditions:\n- Hypertension (Diagnosed: 2020)\n- Hyperlipidemia (Diagnosed: 2022)\nPast Surgeries:\n- Appendectomy (2015)\nAllergies:\n- Penicillin (Mild rash reaction)\nFamily Medical History:\n- Father: Hypertension, Diabetes\n- Mother: Asthma\nSymptoms\n- Persistent cough (Duration: 2 months, worsened over time)\n- Shortness of breath (Triggered by exertion, intermittent)\n- Fatigue (Chronic, affecting daily activities)\n- Chest pain (Mild, occasional, associated with coughing)\nVital Signs (At Admission)\nTemperature: 98.4\u00b0F (36.9\u00b0C)\nHeart Rate: 78 bpm\nBlood Pressure: 130/85 mmHg (Elevated)\nRespiratory Rate: 18 breaths/min\nOxygen Saturation (SpO2): 96%\nTest Results\nComplete Blood Count (CBC): Within normal limits (No signs of infection or anemia) Blood Pressure: 130/85 mmHg (Elevated)\nRespiratory Rate: 18 breaths/min\nOxygen Saturation (SpO2): 96%\nTest Results\nComplete Blood Count (CBC): Within normal limits (No signs of infection or anemia)\nChest X-Ray: Mild lung inflammation (Localized in the lower lobes)\nECG (Electrocardiogram): Normal sinus rhythm (No arrhythmias or ischemic changes)\nLipid Profile:\n- Total Cholesterol: 220 mg/dL (Elevated)\n- LDL: 145 mg/dL (Elevated)\n- HDL: 40 mg/dL (Low)\n- Triglycerides: 180 mg/dL (Borderline High)\nMedications\n- Aspirin 75 mg - Once daily (Antiplatelet therapy)\n- Lisinopril 10 mg - Once daily (ACE inhibitor for hypertension)\n- Atorvastatin 20 mg - Once daily (Lipid-lowering agent)\nLifestyle Factors\nSmoking Status: Active smoker (10 cigarettes/day for 20 years)\nAlcohol Consumption: Occasional (2-3 drinks/week)\nExercise: Minimal physical activity\nDiet: High in saturated fats, low in fiber\nPreliminary Diagnosis\n- Chronic Bronchitis (Related to smoking history and persistent cough) Exercise: Minimal physical activity\nDiet: High in saturated fats, low in fiber\nPreliminary Diagnosis\n- Chronic Bronchitis (Related to smoking history and persistent cough)\n- Hypertension (Partially controlled)\n- Dyslipidemia (Elevated cholesterol levels)",
    "name": "John Doe\nAge",
    "age": "45",
    "gender": "Male",
    "medical_history": "Chronic Conditions:\n- Hypertension (Diagnosed: 2020)\n- Hyperlipidemia (Diagnosed: 2022)\nPast Surgeries:\n- Appendectomy (2015)\nAllergies:\n- Penicillin (Mild rash reaction)\nFamily Medical History:\n- Father: Hypertension, Diabetes\n- Mother: Asthma\nSymptoms\n- Persistent cough (Duration: 2 months, worsened over time)\n- Shortness of breath (Triggered by exertion, intermittent)\n- Fatigue (Chronic, affecting daily activities)\n- Chest pain (Mild, occasional, associated with coughing)\nVital Signs (At Admission)\nTemperature: 98.4\u00b0F (36.9\u00b0C)\nHeart Rate: 78 bpm\nBlood Pressure: 130/85 mmHg (Elevated)\nRespiratory Rate: 18 breaths/min\nOxygen Saturation (SpO2): 96%\nTest Results\nComplete Blood Count (CBC): Within normal limits (No signs of infection or anemia) Blood Pressure: 130/85 mmHg (Elevated)\nRespiratory Rate: 18 breaths/min\nOxygen Saturation (SpO2): 96%\nTest Results\nComplete Blood Count (CBC): Within normal limits (No signs of infection or anemia)\nChest X-Ray: Mild lung inflammation (Localized in the lower lobes)\nECG (Electrocardiogram): Normal sinus rhythm (No arrhythmias or ischemic changes)\nLipid Profile:\n- Total Cholesterol: 220 mg/dL (Elevated)\n- LDL: 145 mg/dL (Elevated)\n- HDL: 40 mg/dL (Low)\n- Triglycerides: 180 mg/dL (Borderline High)\nMedications\n- Aspirin 75 mg - Once daily (Antiplatelet therapy)\n- Lisinopril 10 mg - Once daily (ACE inhibitor for hypertension)\n- Atorvastatin 20 mg - Once daily (Lipid-lowering agent)\nLifestyle Factors\nSmoking Status: Active smoker (10 cigarettes/day for 20 years)\nAlcohol Consumption: Occasional (2-3 drinks/week)\nExercise: Minimal physical activity\nDiet: High in saturated fats, low in fiber\nPreliminary Diagnosis\n- Chronic Bronchitis (Related to smoking history and persistent cough) Exercise: Minimal physical activity\nDiet: High in saturated fats, low in fiber\nPreliminary Diagnosis\n- Chronic Bronchitis (Related to smoking history and persistent cough)\n- Hypertension (Partially controlled)\n- Dyslipidemia (Elevated cholesterol levels)",
    "symptoms": [
        "Chest pain",
        "Persistent cough",
        "Shortness of breath",
        "Fatigue"
    ],
    "vital_signs": {
        "heart_rate": "78",
        "blood_pressure": "130/85",
        "temperature": "98.4"
    },
    "test_results": {
        "- Total Cholesterol": "220 mg/dL",
        "- LDL": "145 mg/dL",
        "- HDL": "40 mg/dL",
        "- Triglycerides": "180 mg/dL"
    },
    "medications": [],
    "preliminary_diagnosis": "Chronic Bronchitis (Related to smoking history and persistent cough) Exercise: Minimal physical activity"
}
2025-10-09 11:20:53,451 - __main__ - INFO - Extracted report data:
{
    "full_report": "Clinical Report\nPatient Information\nPatient Name: John Doe\nAge: 45\nGender: Male\nMedical Record Number: MRN-2025-0001\nDate of Admission: 2025-03-27\nPrimary Physician: Dr. Smith\nEmergency Contact: Jane Doe (Spouse) - +1-234-567-8901\nMedical History\nChronic Conditions:\n- Hypertension (Diagnosed: 2020)\n- Hyperlipidemia (Diagnosed: 2022)\nPast Surgeries:\n- Appendectomy (2015)\nAllergies:\n- Penicillin (Mild rash reaction)\nFamily Medical History:\n- Father: Hypertension, Diabetes\n- Mother: Asthma\nSymptoms\n- Persistent cough (Duration: 2 months, worsened over time)\n- Shortness of breath (Triggered by exertion, intermittent)\n- Fatigue (Chronic, affecting daily activities)\n- Chest pain (Mild, occasional, associated with coughing)\nVital Signs (At Admission)\nTemperature: 98.4\u00b0F (36.9\u00b0C)\nHeart Rate: 78 bpm\nBlood Pressure: 130/85 mmHg (Elevated)\nRespiratory Rate: 18 breaths/min\nOxygen Saturation (SpO2): 96%\nTest Results\nComplete Blood Count (CBC): Within normal limits (No signs of infection or anemia) Blood Pressure: 130/85 mmHg (Elevated)\nRespiratory Rate: 18 breaths/min\nOxygen Saturation (SpO2): 96%\nTest Results\nComplete Blood Count (CBC): Within normal limits (No signs of infection or anemia)\nChest X-Ray: Mild lung inflammation (Localized in the lower lobes)\nECG (Electrocardiogram): Normal sinus rhythm (No arrhythmias or ischemic changes)\nLipid Profile:\n- Total Cholesterol: 220 mg/dL (Elevated)\n- LDL: 145 mg/dL (Elevated)\n- HDL: 40 mg/dL (Low)\n- Triglycerides: 180 mg/dL (Borderline High)\nMedications\n- Aspirin 75 mg - Once daily (Antiplatelet therapy)\n- Lisinopril 10 mg - Once daily (ACE inhibitor for hypertension)\n- Atorvastatin 20 mg - Once daily (Lipid-lowering agent)\nLifestyle Factors\nSmoking Status: Active smoker (10 cigarettes/day for 20 years)\nAlcohol Consumption: Occasional (2-3 drinks/week)\nExercise: Minimal physical activity\nDiet: High in saturated fats, low in fiber\nPreliminary Diagnosis\n- Chronic Bronchitis (Related to smoking history and persistent cough) Exercise: Minimal physical activity\nDiet: High in saturated fats, low in fiber\nPreliminary Diagnosis\n- Chronic Bronchitis (Related to smoking history and persistent cough)\n- Hypertension (Partially controlled)\n- Dyslipidemia (Elevated cholesterol levels)",
    "name": "John Doe\nAge",
    "age": "45",
    "gender": "Male",
    "medical_history": "Chronic Conditions:\n- Hypertension (Diagnosed: 2020)\n- Hyperlipidemia (Diagnosed: 2022)\nPast Surgeries:\n- Appendectomy (2015)\nAllergies:\n- Penicillin (Mild rash reaction)\nFamily Medical History:\n- Father: Hypertension, Diabetes\n- Mother: Asthma\nSymptoms\n- Persistent cough (Duration: 2 months, worsened over time)\n- Shortness of breath (Triggered by exertion, intermittent)\n- Fatigue (Chronic, affecting daily activities)\n- Chest pain (Mild, occasional, associated with coughing)\nVital Signs (At Admission)\nTemperature: 98.4\u00b0F (36.9\u00b0C)\nHeart Rate: 78 bpm\nBlood Pressure: 130/85 mmHg (Elevated)\nRespiratory Rate: 18 breaths/min\nOxygen Saturation (SpO2): 96%\nTest Results\nComplete Blood Count (CBC): Within normal limits (No signs of infection or anemia) Blood Pressure: 130/85 mmHg (Elevated)\nRespiratory Rate: 18 breaths/min\nOxygen Saturation (SpO2): 96%\nTest Results\nComplete Blood Count (CBC): Within normal limits (No signs of infection or anemia)\nChest X-Ray: Mild lung inflammation (Localized in the lower lobes)\nECG (Electrocardiogram): Normal sinus rhythm (No arrhythmias or ischemic changes)\nLipid Profile:\n- Total Cholesterol: 220 mg/dL (Elevated)\n- LDL: 145 mg/dL (Elevated)\n- HDL: 40 mg/dL (Low)\n- Triglycerides: 180 mg/dL (Borderline High)\nMedications\n- Aspirin 75 mg - Once daily (Antiplatelet therapy)\n- Lisinopril 10 mg - Once daily (ACE inhibitor for hypertension)\n- Atorvastatin 20 mg - Once daily (Lipid-lowering agent)\nLifestyle Factors\nSmoking Status: Active smoker (10 cigarettes/day for 20 years)\nAlcohol Consumption: Occasional (2-3 drinks/week)\nExercise: Minimal physical activity\nDiet: High in saturated fats, low in fiber\nPreliminary Diagnosis\n- Chronic Bronchitis (Related to smoking history and persistent cough) Exercise: Minimal physical activity\nDiet: High in saturated fats, low in fiber\nPreliminary Diagnosis\n- Chronic Bronchitis (Related to smoking history and persistent cough)\n- Hypertension (Partially controlled)\n- Dyslipidemia (Elevated cholesterol levels)",
    "symptoms": [
        "Chest pain",
        "Persistent cough",
        "Shortness of breath",
        "Fatigue"
    ],
    "vital_signs": {
        "heart_rate": "78",
        "blood_pressure": "130/85",
        "temperature": "98.4"
    },
    "test_results": {
        "- Total Cholesterol": "220 mg/dL",
        "- LDL": "145 mg/dL",
        "- HDL": "40 mg/dL",
        "- Triglycerides": "180 mg/dL"
    },
    "medications": [],
    "preliminary_diagnosis": "Chronic Bronchitis (Related to smoking history and persistent cough) Exercise: Minimal physical activity"
}
2025-10-09 11:20:53,452 - __main__ - INFO - Generating PDF report...
2025-10-09 11:20:53,453 - models.extract - INFO - Received report content:
Clinical Report
Patient Information
Patient Name: John Doe
Age: 45
Gender: Male
Medical Record Number: MRN-2025-0001
Date of Admission: 2025-03-27
Primary Physician: Dr. Smith
Emergency Contact: Jane Doe (Spouse) - +1-234-567-8901
Medical History
Chronic Conditions:
- Hypertension (Diagnosed: 2020)
- Hyperlipidemia (Diagnosed: 2022)
Past Surgeries:
- Appendectomy (2015)
Allergies:
- Penicillin (Mild rash reaction)
Family Medical History:
- Father: Hypertension, Diabetes
- Mother: Asthma
Symptoms
- Persistent cough (Duration: 2 months, worsened over time)
- Shortness of breath (Triggered by exertion, intermittent)
- Fatigue (Chronic, affecting daily activities)
- Chest pain (Mild, occasional, associated with coughing)
Vital Signs (At Admission)
Temperature: 98.4°F (36.9°C)
Heart Rate: 78 bpm
Blood Pressure: 130/85 mmHg (Elevated)
Respiratory Rate: 18 breaths/min
Oxygen Saturation (SpO2): 96%
Test Results
Complete Blood Count (CBC): Within normal limits (No signs of infection or anemia) Blood Pressure: 130/85 mmHg (Elevated)
Respiratory Rate: 18 breaths/min
Oxygen Saturation (SpO2): 96%
Test Results
Complete Blood Count (CBC): Within normal limits (No signs of infection or anemia)
Chest X-Ray: Mild lung inflammation (Localized in the lower lobes)
ECG (Electrocardiogram): Normal sinus rhythm (No arrhythmias or ischemic changes)
Lipid Profile:
- Total Cholesterol: 220 mg/dL (Elevated)
- LDL: 145 mg/dL (Elevated)
- HDL: 40 mg/dL (Low)
- Triglycerides: 180 mg/dL (Borderline High)
Medications
- Aspirin 75 mg - Once daily (Antiplatelet therapy)
- Lisinopril 10 mg - Once daily (ACE inhibitor for hypertension)
- Atorvastatin 20 mg - Once daily (Lipid-lowering agent)
Lifestyle Factors
Smoking Status: Active smoker (10 cigarettes/day for 20 years)
Alcohol Consumption: Occasional (2-3 drinks/week)
Exercise: Minimal physical activity
Diet: High in saturated fats, low in fiber
Preliminary Diagnosis
- Chronic Bronchitis (Related to smoking history and persistent cough) Exercise: Minimal physical activity
Diet: High in saturated fats, low in fiber
Preliminary Diagnosis
- Chronic Bronchitis (Related to smoking history and persistent cough)
- Hypertension (Partially controlled)
- Dyslipidemia (Elevated cholesterol levels)
2025-10-09 11:20:54,790 - models.extract - INFO - Final Extracted Data:
{
    "full_report": "Clinical Report\nPatient Information\nPatient Name: John Doe\nAge: 45\nGender: Male\nMedical Record Number: MRN-2025-0001\nDate of Admission: 2025-03-27\nPrimary Physician: Dr. Smith\nEmergency Contact: Jane Doe (Spouse) - +1-234-567-8901\nMedical History\nChronic Conditions:\n- Hypertension (Diagnosed: 2020)\n- Hyperlipidemia (Diagnosed: 2022)\nPast Surgeries:\n- Appendectomy (2015)\nAllergies:\n- Penicillin (Mild rash reaction)\nFamily Medical History:\n- Father: Hypertension, Diabetes\n- Mother: Asthma\nSymptoms\n- Persistent cough (Duration: 2 months, worsened over time)\n- Shortness of breath (Triggered by exertion, intermittent)\n- Fatigue (Chronic, affecting daily activities)\n- Chest pain (Mild, occasional, associated with coughing)\nVital Signs (At Admission)\nTemperature: 98.4\u00b0F (36.9\u00b0C)\nHeart Rate: 78 bpm\nBlood Pressure: 130/85 mmHg (Elevated)\nRespiratory Rate: 18 breaths/min\nOxygen Saturation (SpO2): 96%\nTest Results\nComplete Blood Count (CBC): Within normal limits (No signs of infection or anemia) Blood Pressure: 130/85 mmHg (Elevated)\nRespiratory Rate: 18 breaths/min\nOxygen Saturation (SpO2): 96%\nTest Results\nComplete Blood Count (CBC): Within normal limits (No signs of infection or anemia)\nChest X-Ray: Mild lung inflammation (Localized in the lower lobes)\nECG (Electrocardiogram): Normal sinus rhythm (No arrhythmias or ischemic changes)\nLipid Profile:\n- Total Cholesterol: 220 mg/dL (Elevated)\n- LDL: 145 mg/dL (Elevated)\n- HDL: 40 mg/dL (Low)\n- Triglycerides: 180 mg/dL (Borderline High)\nMedications\n- Aspirin 75 mg - Once daily (Antiplatelet therapy)\n- Lisinopril 10 mg - Once daily (ACE inhibitor for hypertension)\n- Atorvastatin 20 mg - Once daily (Lipid-lowering agent)\nLifestyle Factors\nSmoking Status: Active smoker (10 cigarettes/day for 20 years)\nAlcohol Consumption: Occasional (2-3 drinks/week)\nExercise: Minimal physical activity\nDiet: High in saturated fats, low in fiber\nPreliminary Diagnosis\n- Chronic Bronchitis (Related to smoking history and persistent cough) Exercise: Minimal physical activity\nDiet: High in saturated fats, low in fiber\nPreliminary Diagnosis\n- Chronic Bronchitis (Related to smoking history and persistent cough)\n- Hypertension (Partially controlled)\n- Dyslipidemia (Elevated cholesterol levels)",
    "name": "John Doe\nAge",
    "age": "45",
    "gender": "Male",
    "medical_history": "Chronic Conditions:\n- Hypertension (Diagnosed: 2020)\n- Hyperlipidemia (Diagnosed: 2022)\nPast Surgeries:\n- Appendectomy (2015)\nAllergies:\n- Penicillin (Mild rash reaction)\nFamily Medical History:\n- Father: Hypertension, Diabetes\n- Mother: Asthma\nSymptoms\n- Persistent cough (Duration: 2 months, worsened over time)\n- Shortness of breath (Triggered by exertion, intermittent)\n- Fatigue (Chronic, affecting daily activities)\n- Chest pain (Mild, occasional, associated with coughing)\nVital Signs (At Admission)\nTemperature: 98.4\u00b0F (36.9\u00b0C)\nHeart Rate: 78 bpm\nBlood Pressure: 130/85 mmHg (Elevated)\nRespiratory Rate: 18 breaths/min\nOxygen Saturation (SpO2): 96%\nTest Results\nComplete Blood Count (CBC): Within normal limits (No signs of infection or anemia) Blood Pressure: 130/85 mmHg (Elevated)\nRespiratory Rate: 18 breaths/min\nOxygen Saturation (SpO2): 96%\nTest Results\nComplete Blood Count (CBC): Within normal limits (No signs of infection or anemia)\nChest X-Ray: Mild lung inflammation (Localized in the lower lobes)\nECG (Electrocardiogram): Normal sinus rhythm (No arrhythmias or ischemic changes)\nLipid Profile:\n- Total Cholesterol: 220 mg/dL (Elevated)\n- LDL: 145 mg/dL (Elevated)\n- HDL: 40 mg/dL (Low)\n- Triglycerides: 180 mg/dL (Borderline High)\nMedications\n- Aspirin 75 mg - Once daily (Antiplatelet therapy)\n- Lisinopril 10 mg - Once daily (ACE inhibitor for hypertension)\n- Atorvastatin 20 mg - Once daily (Lipid-lowering agent)\nLifestyle Factors\nSmoking Status: Active smoker (10 cigarettes/day for 20 years)\nAlcohol Consumption: Occasional (2-3 drinks/week)\nExercise: Minimal physical activity\nDiet: High in saturated fats, low in fiber\nPreliminary Diagnosis\n- Chronic Bronchitis (Related to smoking history and persistent cough) Exercise: Minimal physical activity\nDiet: High in saturated fats, low in fiber\nPreliminary Diagnosis\n- Chronic Bronchitis (Related to smoking history and persistent cough)\n- Hypertension (Partially controlled)\n- Dyslipidemia (Elevated cholesterol levels)",
    "symptoms": [
        "Chest pain",
        "Persistent cough",
        "Shortness of breath",
        "Fatigue"
    ],
    "vital_signs": {
        "heart_rate": "78",
        "blood_pressure": "130/85",
        "temperature": "98.4"
    },
    "test_results": {
        "- Total Cholesterol": "220 mg/dL",
        "- LDL": "145 mg/dL",
        "- HDL": "40 mg/dL",
        "- Triglycerides": "180 mg/dL"
    },
    "medications": [],
    "preliminary_diagnosis": "Chronic Bronchitis (Related to smoking history and persistent cough) Exercise: Minimal physical activity"
}
2025-10-09 11:20:54,791 - models.diagnosis - INFO - Symptoms: Chest pain, Persistent cough, Shortness of breath, Fatigue
2025-10-09 11:20:54,792 - models.diagnosis - INFO - Vitals: heart_rate: 78, blood_pressure: 130/85, temperature: 98.4
2025-10-09 11:20:54,792 - models.diagnosis - INFO - Tests: - Total Cholesterol: 220 mg/dL, - LDL: 145 mg/dL, - HDL: 40 mg/dL, - Triglycerides: 180 mg/dL
2025-10-09 11:20:54,792 - models.diagnosis - INFO - Preliminary Diagnosis: Chronic Bronchitis (Related to smoking history and persistent cough) Exercise: Minimal physical activity
2025-10-09 11:20:55,341 - models.diagnosis - ERROR - Cohere failed to generate diagnosis: status_code: 404, body: {'id': '41b76c2b-433d-45be-937b-63862942d397', 'message': "model 'command-r-plus' was removed on September 15, 2025. See https://docs.cohere.com/docs/models#command for a list of models you can use instead."}
2025-10-09 11:20:55,342 - models.followup - INFO - Fetching diagnosed conditions...
2025-10-09 11:20:55,343 - models.followup - ERROR - Error in diagnosis function: diagnose() takes 1 positional argument but 3 were given
2025-10-09 11:20:55,343 - models.followup - INFO - Patient Data: 
    Symptoms: ['Chest pain', 'Persistent cough', 'Shortness of breath', 'Fatigue']
    Medical History: {'full_report': 'Clinical Report\nPatient Information\nPatient Name: John Doe\nAge: 45\nGender: Male\nMedical Record Number: MRN-2025-0001\nDate of Admission: 2025-03-27\nPrimary Physician: Dr. Smith\nEmergency Contact: Jane Doe (Spouse) - +1-234-567-8901\nMedical History\nChronic Conditions:\n- Hypertension (Diagnosed: 2020)\n- Hyperlipidemia (Diagnosed: 2022)\nPast Surgeries:\n- Appendectomy (2015)\nAllergies:\n- Penicillin (Mild rash reaction)\nFamily Medical History:\n- Father: Hypertension, Diabetes\n- Mother: Asthma\nSymptoms\n- Persistent cough (Duration: 2 months, worsened over time)\n- Shortness of breath (Triggered by exertion, intermittent)\n- Fatigue (Chronic, affecting daily activities)\n- Chest pain (Mild, occasional, associated with coughing)\nVital Signs (At Admission)\nTemperature: 98.4°F (36.9°C)\nHeart Rate: 78 bpm\nBlood Pressure: 130/85 mmHg (Elevated)\nRespiratory Rate: 18 breaths/min\nOxygen Saturation (SpO2): 96%\nTest Results\nComplete Blood Count (CBC): Within normal limits (No signs of infection or anemia) Blood Pressure: 130/85 mmHg (Elevated)\nRespiratory Rate: 18 breaths/min\nOxygen Saturation (SpO2): 96%\nTest Results\nComplete Blood Count (CBC): Within normal limits (No signs of infection or anemia)\nChest X-Ray: Mild lung inflammation (Localized in the lower lobes)\nECG (Electrocardiogram): Normal sinus rhythm (No arrhythmias or ischemic changes)\nLipid Profile:\n- Total Cholesterol: 220 mg/dL (Elevated)\n- LDL: 145 mg/dL (Elevated)\n- HDL: 40 mg/dL (Low)\n- Triglycerides: 180 mg/dL (Borderline High)\nMedications\n- Aspirin 75 mg - Once daily (Antiplatelet therapy)\n- Lisinopril 10 mg - Once daily (ACE inhibitor for hypertension)\n- Atorvastatin 20 mg - Once daily (Lipid-lowering agent)\nLifestyle Factors\nSmoking Status: Active smoker (10 cigarettes/day for 20 years)\nAlcohol Consumption: Occasional (2-3 drinks/week)\nExercise: Minimal physical activity\nDiet: High in saturated fats, low in fiber\nPreliminary Diagnosis\n- Chronic Bronchitis (Related to smoking history and persistent cough) Exercise: Minimal physical activity\nDiet: High in saturated fats, low in fiber\nPreliminary Diagnosis\n- Chronic Bronchitis (Related to smoking history and persistent cough)\n- Hypertension (Partially controlled)\n- Dyslipidemia (Elevated cholesterol levels)', 'name': 'John Doe', 'age': '45', 'gender': 'Male', 'medical_history': 'Chronic Conditions:\n- Hypertension (Diagnosed: 2020)\n- Hyperlipidemia (Diagnosed: 2022)\nPast Surgeries:\n- Appendectomy (2015)\nAllergies:\n- Penicillin (Mild rash reaction)\nFamily Medical History:\n- Father: Hypertension, Diabetes\n- Mother: Asthma\nSymptoms\n- Persistent cough (Duration: 2 months, worsened over time)\n- Shortness of breath (Triggered by exertion, intermittent)\n- Fatigue (Chronic, affecting daily activities)\n- Chest pain (Mild, occasional, associated with coughing)\nVital Signs (At Admission)\nTemperature: 98.4°F (36.9°C)\nHeart Rate: 78 bpm\nBlood Pressure: 130/85 mmHg (Elevated)\nRespiratory Rate: 18 breaths/min\nOxygen Saturation (SpO2): 96%\nTest Results\nComplete Blood Count (CBC): Within normal limits (No signs of infection or anemia) Blood Pressure: 130/85 mmHg (Elevated)\nRespiratory Rate: 18 breaths/min\nOxygen Saturation (SpO2): 96%\nTest Results\nComplete Blood Count (CBC): Within normal limits (No signs of infection or anemia)\nChest X-Ray: Mild lung inflammation (Localized in the lower lobes)\nECG (Electrocardiogram): Normal sinus rhythm (No arrhythmias or ischemic changes)\nLipid Profile:\n- Total Cholesterol: 220 mg/dL (Elevated)\n- LDL: 145 mg/dL (Elevated)\n- HDL: 40 mg/dL (Low)\n- Triglycerides: 180 mg/dL (Borderline High)\nMedications\n- Aspirin 75 mg - Once daily (Antiplatelet therapy)\n- Lisinopril 10 mg - Once daily (ACE inhibitor for hypertension)\n- Atorvastatin 20 mg - Once daily (Lipid-lowering agent)\nLifestyle Factors\nSmoking Status: Active smoker (10 cigarettes/day for 20 years)\nAlcohol Consumption: Occasional (2-3 drinks/week)\nExercise: Minimal physical activity\nDiet: High in saturated fats, low in fiber\nPreliminary Diagnosis\n- Chronic Bronchitis (Related to smoking history and persistent cough) Exercise: Minimal physical activity\nDiet: High in saturated fats, low in fiber\nPreliminary Diagnosis\n- Chronic Bronchitis (Related to smoking history and persistent cough)\n- Hypertension (Partially controlled)\n- Dyslipidemia (Elevated cholesterol levels)', 'symptoms': ['Chest pain', 'Persistent cough', 'Shortness of breath', 'Fatigue'], 'vital_signs': {'heart_rate': '78', 'blood_pressure': '130/85', 'temperature': '98.4'}, 'test_results': {'- Total Cholesterol': '220 mg/dL', '- LDL': '145 mg/dL', '- HDL': '40 mg/dL', '- Triglycerides': '180 mg/dL'}, 'medications': [], 'preliminary_diagnosis': 'Chronic Bronchitis (Related to smoking history and persistent cough) Exercise: Minimal physical activity'}  # Use diagnosis to represent the patient's history
    Test Results: {'- Total Cholesterol': '220 mg/dL', '- LDL': '145 mg/dL', '- HDL': '40 mg/dL', '- Triglycerides': '180 mg/dL'}
    Predicted Diagnosis: Unknown Diagnosis
    
2025-10-09 11:20:55,674 - models.followup - ERROR - Cohere error: status_code: 404, body: {'id': 'a4d3ede4-1451-49b2-819d-72c6553f337e', 'message': "model 'command-r-plus' was removed on September 15, 2025. See https://docs.cohere.com/docs/models#command for a list of models you can use instead."}
2025-10-09 11:20:55,680 - __main__ - ERROR - Error generating report
Traceback (most recent call last):
  File "C:\Users\IMMERSIVE36\Downloads\medicalchatbot\medicalchatbot\app.py", line 155, in generate_report
    report_path = generate_pdf_report(report_data)
                  ^^^^^^^^^^^^^^^^^^^^^^^^^^^^^^^^
  File "C:\Users\IMMERSIVE36\Downloads\medicalchatbot\medicalchatbot\models\report_generation.py", line 166, in generate_pdf_report
    raise e
  File "C:\Users\IMMERSIVE36\Downloads\medicalchatbot\medicalchatbot\models\report_generation.py", line 159, in generate_pdf_report
    pdf.output(file_path)
  File "C:\Users\IMMERSIVE36\AppData\Local\Programs\Python\Python311\Lib\site-packages\fpdf\fpdf.py", line 1065, in output
    self.close()
  File "C:\Users\IMMERSIVE36\AppData\Local\Programs\Python\Python311\Lib\site-packages\fpdf\fpdf.py", line 246, in close
    self._enddoc()
  File "C:\Users\IMMERSIVE36\AppData\Local\Programs\Python\Python311\Lib\site-packages\fpdf\fpdf.py", line 1636, in _enddoc
    self._putpages()
  File "C:\Users\IMMERSIVE36\AppData\Local\Programs\Python\Python311\Lib\site-packages\fpdf\fpdf.py", line 1170, in _putpages
    p = self.pages[n].encode("latin1") if PY3K else self.pages[n]
       ^^^^^^^^^^^^^^^^^^^^^^^^^^^^^^
UnicodeEncodeError: 'latin-1' codec can't encode character '\U0001f534' in position 367: ordinal not in range(256)
2025-10-09 11:22:51,132 - __main__ - ERROR - Error in ask_question
Traceback (most recent call last):
  File "C:\Users\IMMERSIVE36\Downloads\medicalchatbot\medicalchatbot\app.py", line 122, in ask_question
    response = chatbot_interaction(question, clinical_data, faiss_index, chat_history)
               ^^^^^^^^^^^^^^^^^^^^^^^^^^^^^^^^^^^^^^^^^^^^^^^^^^^^^^^^^^^^^^^^^^^^^^^
  File "C:\Users\IMMERSIVE36\Downloads\medicalchatbot\medicalchatbot\models\chatbot.py", line 153, in chatbot_interaction
    answer = classify_and_respond(question, faiss_index, clinical_data, chat_history)
             ^^^^^^^^^^^^^^^^^^^^^^^^^^^^^^^^^^^^^^^^^^^^^^^^^^^^^^^^^^^^^^^^^^^^^^^^
  File "C:\Users\IMMERSIVE36\Downloads\medicalchatbot\medicalchatbot\models\chatbot.py", line 124, in classify_and_respond
    patient_response = co.chat(
                       ^^^^^^^^
  File "C:\Users\IMMERSIVE36\AppData\Local\Programs\Python\Python311\Lib\site-packages\cohere\client.py", line 103, in _wrapped
    return func(*args, **kwargs)
           ^^^^^^^^^^^^^^^^^^^^^
  File "C:\Users\IMMERSIVE36\AppData\Local\Programs\Python\Python311\Lib\site-packages\cohere\client.py", line 35, in _wrapped
    return method(*args, **kwargs)
           ^^^^^^^^^^^^^^^^^^^^^^^
  File "C:\Users\IMMERSIVE36\AppData\Local\Programs\Python\Python311\Lib\site-packages\cohere\base_client.py", line 1032, in chat
    raise NotFoundError(
cohere.errors.not_found_error.NotFoundError: status_code: 404, body: {'id': '753e0159-fd1e-48b3-a9af-223c9ae9d34c', 'message': "model 'command-r' was removed on September 15, 2025. See https://docs.cohere.com/docs/models#command for a list of models you can use instead."}
2025-10-09 11:23:45,265 - models.extract - INFO - Clinical NER model loaded successfully.
2025-10-09 11:23:53,476 - __main__ - INFO - Loading Hugging Face embedding model...
2025-10-09 11:26:52,752 - models.extract - INFO - Clinical NER model loaded successfully.
2025-10-09 11:26:52,752 - models.chatbot - WARNING - Could not import from extract.py module
2025-10-09 11:27:07,006 - __main__ - INFO - Loading Hugging Face embedding model...
2025-10-09 11:27:20,153 - models.extract - INFO - Clinical NER model loaded successfully.
2025-10-09 11:27:20,154 - models.chatbot - WARNING - Could not import from extract.py module
2025-10-09 11:27:36,241 - __main__ - INFO - Loading Hugging Face embedding model...
2025-10-09 11:27:45,992 - __main__ - INFO - Uploaded file saved to uploads\Formatted_Clinical_Report.docx
2025-10-09 11:27:52,156 - __main__ - ERROR - Error in ask_question
Traceback (most recent call last):
  File "C:\Users\IMMERSIVE36\Downloads\medicalchatbot\medicalchatbot\app.py", line 122, in ask_question
    response = chatbot_interaction(question, clinical_data, faiss_index, chat_history)
               ^^^^^^^^^^^^^^^^^^^^^^^^^^^^^^^^^^^^^^^^^^^^^^^^^^^^^^^^^^^^^^^^^^^^^^^
  File "C:\Users\IMMERSIVE36\Downloads\medicalchatbot\medicalchatbot\models\chatbot.py", line 318, in chatbot_interaction
    answer = classify_and_respond(question, faiss_index, clinical_data, chat_history)
             ^^^^^^^^^^^^^^^^^^^^^^^^^^^^^^^^^^^^^^^^^^^^^^^^^^^^^^^^^^^^^^^^^^^^^^^^
  File "C:\Users\IMMERSIVE36\Downloads\medicalchatbot\medicalchatbot\models\chatbot.py", line 360, in classify_and_respond
    result = enhanced_classify_and_respond(question, faiss_index, clinical_data, chat_history)
             ^^^^^^^^^^^^^^^^^^^^^^^^^^^^^^^^^^^^^^^^^^^^^^^^^^^^^^^^^^^^^^^^^^^^^^^^^^^^^^^^^
  File "C:\Users\IMMERSIVE36\Downloads\medicalchatbot\medicalchatbot\models\chatbot.py", line 229, in enhanced_classify_and_respond
    if CHATBOT_CONFIG['enable_dynamic_entities']:
       ~~~~~~~~~~~~~~^^^^^^^^^^^^^^^^^^^^^^^^^^^
KeyError: 'enable_dynamic_entities'
2025-10-09 11:28:50,596 - models.extract - INFO - Clinical NER model loaded successfully.
2025-10-09 11:28:58,566 - __main__ - INFO - Loading Hugging Face embedding model...
2025-10-09 11:28:58,903 - __main__ - INFO - Generating report...
2025-10-09 11:28:58,905 - __main__ - ERROR - No clinical data available. Upload a report first.
2025-10-09 11:29:08,645 - __main__ - INFO - Uploaded file saved to uploads\Formatted_Clinical_Report.docx
2025-10-09 11:29:11,668 - __main__ - INFO - Generating report...
2025-10-09 11:29:11,669 - __main__ - INFO - Extracting structured data from clinical text...
2025-10-09 11:29:11,669 - models.extract - INFO - Received report content:
Clinical Report
Patient Information
Patient Name: John Doe
Age: 45
Gender: Male
Medical Record Number: MRN-2025-0001
Date of Admission: 2025-03-27
Primary Physician: Dr. Smith
Emergency Contact: Jane Doe (Spouse) - +1-234-567-8901
Medical History
Chronic Conditions:
- Hypertension (Diagnosed: 2020)
- Hyperlipidemia (Diagnosed: 2022)
Past Surgeries:
- Appendectomy (2015)
Allergies:
- Penicillin (Mild rash reaction)
Family Medical History:
- Father: Hypertension, Diabetes
- Mother: Asthma
Symptoms
- Persistent cough (Duration: 2 months, worsened over time)
- Shortness of breath (Triggered by exertion, intermittent)
- Fatigue (Chronic, affecting daily activities)
- Chest pain (Mild, occasional, associated with coughing)
Vital Signs (At Admission)
Temperature: 98.4°F (36.9°C)
Heart Rate: 78 bpm
Blood Pressure: 130/85 mmHg (Elevated)
Respiratory Rate: 18 breaths/min
Oxygen Saturation (SpO2): 96%
Test Results
Complete Blood Count (CBC): Within normal limits (No signs of infection or anemia) Blood Pressure: 130/85 mmHg (Elevated)
Respiratory Rate: 18 breaths/min
Oxygen Saturation (SpO2): 96%
Test Results
Complete Blood Count (CBC): Within normal limits (No signs of infection or anemia)
Chest X-Ray: Mild lung inflammation (Localized in the lower lobes)
ECG (Electrocardiogram): Normal sinus rhythm (No arrhythmias or ischemic changes)
Lipid Profile:
- Total Cholesterol: 220 mg/dL (Elevated)
- LDL: 145 mg/dL (Elevated)
- HDL: 40 mg/dL (Low)
- Triglycerides: 180 mg/dL (Borderline High)
Medications
- Aspirin 75 mg - Once daily (Antiplatelet therapy)
- Lisinopril 10 mg - Once daily (ACE inhibitor for hypertension)
- Atorvastatin 20 mg - Once daily (Lipid-lowering agent)
Lifestyle Factors
Smoking Status: Active smoker (10 cigarettes/day for 20 years)
Alcohol Consumption: Occasional (2-3 drinks/week)
Exercise: Minimal physical activity
Diet: High in saturated fats, low in fiber
Preliminary Diagnosis
- Chronic Bronchitis (Related to smoking history and persistent cough) Exercise: Minimal physical activity
Diet: High in saturated fats, low in fiber
Preliminary Diagnosis
- Chronic Bronchitis (Related to smoking history and persistent cough)
- Hypertension (Partially controlled)
- Dyslipidemia (Elevated cholesterol levels)
2025-10-09 11:29:13,032 - models.extract - INFO - Final Extracted Data:
{
    "full_report": "Clinical Report\nPatient Information\nPatient Name: John Doe\nAge: 45\nGender: Male\nMedical Record Number: MRN-2025-0001\nDate of Admission: 2025-03-27\nPrimary Physician: Dr. Smith\nEmergency Contact: Jane Doe (Spouse) - +1-234-567-8901\nMedical History\nChronic Conditions:\n- Hypertension (Diagnosed: 2020)\n- Hyperlipidemia (Diagnosed: 2022)\nPast Surgeries:\n- Appendectomy (2015)\nAllergies:\n- Penicillin (Mild rash reaction)\nFamily Medical History:\n- Father: Hypertension, Diabetes\n- Mother: Asthma\nSymptoms\n- Persistent cough (Duration: 2 months, worsened over time)\n- Shortness of breath (Triggered by exertion, intermittent)\n- Fatigue (Chronic, affecting daily activities)\n- Chest pain (Mild, occasional, associated with coughing)\nVital Signs (At Admission)\nTemperature: 98.4\u00b0F (36.9\u00b0C)\nHeart Rate: 78 bpm\nBlood Pressure: 130/85 mmHg (Elevated)\nRespiratory Rate: 18 breaths/min\nOxygen Saturation (SpO2): 96%\nTest Results\nComplete Blood Count (CBC): Within normal limits (No signs of infection or anemia) Blood Pressure: 130/85 mmHg (Elevated)\nRespiratory Rate: 18 breaths/min\nOxygen Saturation (SpO2): 96%\nTest Results\nComplete Blood Count (CBC): Within normal limits (No signs of infection or anemia)\nChest X-Ray: Mild lung inflammation (Localized in the lower lobes)\nECG (Electrocardiogram): Normal sinus rhythm (No arrhythmias or ischemic changes)\nLipid Profile:\n- Total Cholesterol: 220 mg/dL (Elevated)\n- LDL: 145 mg/dL (Elevated)\n- HDL: 40 mg/dL (Low)\n- Triglycerides: 180 mg/dL (Borderline High)\nMedications\n- Aspirin 75 mg - Once daily (Antiplatelet therapy)\n- Lisinopril 10 mg - Once daily (ACE inhibitor for hypertension)\n- Atorvastatin 20 mg - Once daily (Lipid-lowering agent)\nLifestyle Factors\nSmoking Status: Active smoker (10 cigarettes/day for 20 years)\nAlcohol Consumption: Occasional (2-3 drinks/week)\nExercise: Minimal physical activity\nDiet: High in saturated fats, low in fiber\nPreliminary Diagnosis\n- Chronic Bronchitis (Related to smoking history and persistent cough) Exercise: Minimal physical activity\nDiet: High in saturated fats, low in fiber\nPreliminary Diagnosis\n- Chronic Bronchitis (Related to smoking history and persistent cough)\n- Hypertension (Partially controlled)\n- Dyslipidemia (Elevated cholesterol levels)",
    "name": "John Doe\nAge",
    "age": "45",
    "gender": "Male",
    "medical_history": "Chronic Conditions:\n- Hypertension (Diagnosed: 2020)\n- Hyperlipidemia (Diagnosed: 2022)\nPast Surgeries:\n- Appendectomy (2015)\nAllergies:\n- Penicillin (Mild rash reaction)\nFamily Medical History:\n- Father: Hypertension, Diabetes\n- Mother: Asthma\nSymptoms\n- Persistent cough (Duration: 2 months, worsened over time)\n- Shortness of breath (Triggered by exertion, intermittent)\n- Fatigue (Chronic, affecting daily activities)\n- Chest pain (Mild, occasional, associated with coughing)\nVital Signs (At Admission)\nTemperature: 98.4\u00b0F (36.9\u00b0C)\nHeart Rate: 78 bpm\nBlood Pressure: 130/85 mmHg (Elevated)\nRespiratory Rate: 18 breaths/min\nOxygen Saturation (SpO2): 96%\nTest Results\nComplete Blood Count (CBC): Within normal limits (No signs of infection or anemia) Blood Pressure: 130/85 mmHg (Elevated)\nRespiratory Rate: 18 breaths/min\nOxygen Saturation (SpO2): 96%\nTest Results\nComplete Blood Count (CBC): Within normal limits (No signs of infection or anemia)\nChest X-Ray: Mild lung inflammation (Localized in the lower lobes)\nECG (Electrocardiogram): Normal sinus rhythm (No arrhythmias or ischemic changes)\nLipid Profile:\n- Total Cholesterol: 220 mg/dL (Elevated)\n- LDL: 145 mg/dL (Elevated)\n- HDL: 40 mg/dL (Low)\n- Triglycerides: 180 mg/dL (Borderline High)\nMedications\n- Aspirin 75 mg - Once daily (Antiplatelet therapy)\n- Lisinopril 10 mg - Once daily (ACE inhibitor for hypertension)\n- Atorvastatin 20 mg - Once daily (Lipid-lowering agent)\nLifestyle Factors\nSmoking Status: Active smoker (10 cigarettes/day for 20 years)\nAlcohol Consumption: Occasional (2-3 drinks/week)\nExercise: Minimal physical activity\nDiet: High in saturated fats, low in fiber\nPreliminary Diagnosis\n- Chronic Bronchitis (Related to smoking history and persistent cough) Exercise: Minimal physical activity\nDiet: High in saturated fats, low in fiber\nPreliminary Diagnosis\n- Chronic Bronchitis (Related to smoking history and persistent cough)\n- Hypertension (Partially controlled)\n- Dyslipidemia (Elevated cholesterol levels)",
    "symptoms": [
        "Fatigue",
        "Shortness of breath",
        "Persistent cough",
        "Chest pain"
    ],
    "vital_signs": {
        "heart_rate": "78",
        "blood_pressure": "130/85",
        "temperature": "98.4"
    },
    "test_results": {
        "- Total Cholesterol": "220 mg/dL",
        "- LDL": "145 mg/dL",
        "- HDL": "40 mg/dL",
        "- Triglycerides": "180 mg/dL"
    },
    "medications": [],
    "preliminary_diagnosis": "Chronic Bronchitis (Related to smoking history and persistent cough) Exercise: Minimal physical activity"
}
2025-10-09 11:29:13,035 - __main__ - INFO - Extracted report data:
{
    "full_report": "Clinical Report\nPatient Information\nPatient Name: John Doe\nAge: 45\nGender: Male\nMedical Record Number: MRN-2025-0001\nDate of Admission: 2025-03-27\nPrimary Physician: Dr. Smith\nEmergency Contact: Jane Doe (Spouse) - +1-234-567-8901\nMedical History\nChronic Conditions:\n- Hypertension (Diagnosed: 2020)\n- Hyperlipidemia (Diagnosed: 2022)\nPast Surgeries:\n- Appendectomy (2015)\nAllergies:\n- Penicillin (Mild rash reaction)\nFamily Medical History:\n- Father: Hypertension, Diabetes\n- Mother: Asthma\nSymptoms\n- Persistent cough (Duration: 2 months, worsened over time)\n- Shortness of breath (Triggered by exertion, intermittent)\n- Fatigue (Chronic, affecting daily activities)\n- Chest pain (Mild, occasional, associated with coughing)\nVital Signs (At Admission)\nTemperature: 98.4\u00b0F (36.9\u00b0C)\nHeart Rate: 78 bpm\nBlood Pressure: 130/85 mmHg (Elevated)\nRespiratory Rate: 18 breaths/min\nOxygen Saturation (SpO2): 96%\nTest Results\nComplete Blood Count (CBC): Within normal limits (No signs of infection or anemia) Blood Pressure: 130/85 mmHg (Elevated)\nRespiratory Rate: 18 breaths/min\nOxygen Saturation (SpO2): 96%\nTest Results\nComplete Blood Count (CBC): Within normal limits (No signs of infection or anemia)\nChest X-Ray: Mild lung inflammation (Localized in the lower lobes)\nECG (Electrocardiogram): Normal sinus rhythm (No arrhythmias or ischemic changes)\nLipid Profile:\n- Total Cholesterol: 220 mg/dL (Elevated)\n- LDL: 145 mg/dL (Elevated)\n- HDL: 40 mg/dL (Low)\n- Triglycerides: 180 mg/dL (Borderline High)\nMedications\n- Aspirin 75 mg - Once daily (Antiplatelet therapy)\n- Lisinopril 10 mg - Once daily (ACE inhibitor for hypertension)\n- Atorvastatin 20 mg - Once daily (Lipid-lowering agent)\nLifestyle Factors\nSmoking Status: Active smoker (10 cigarettes/day for 20 years)\nAlcohol Consumption: Occasional (2-3 drinks/week)\nExercise: Minimal physical activity\nDiet: High in saturated fats, low in fiber\nPreliminary Diagnosis\n- Chronic Bronchitis (Related to smoking history and persistent cough) Exercise: Minimal physical activity\nDiet: High in saturated fats, low in fiber\nPreliminary Diagnosis\n- Chronic Bronchitis (Related to smoking history and persistent cough)\n- Hypertension (Partially controlled)\n- Dyslipidemia (Elevated cholesterol levels)",
    "name": "John Doe\nAge",
    "age": "45",
    "gender": "Male",
    "medical_history": "Chronic Conditions:\n- Hypertension (Diagnosed: 2020)\n- Hyperlipidemia (Diagnosed: 2022)\nPast Surgeries:\n- Appendectomy (2015)\nAllergies:\n- Penicillin (Mild rash reaction)\nFamily Medical History:\n- Father: Hypertension, Diabetes\n- Mother: Asthma\nSymptoms\n- Persistent cough (Duration: 2 months, worsened over time)\n- Shortness of breath (Triggered by exertion, intermittent)\n- Fatigue (Chronic, affecting daily activities)\n- Chest pain (Mild, occasional, associated with coughing)\nVital Signs (At Admission)\nTemperature: 98.4\u00b0F (36.9\u00b0C)\nHeart Rate: 78 bpm\nBlood Pressure: 130/85 mmHg (Elevated)\nRespiratory Rate: 18 breaths/min\nOxygen Saturation (SpO2): 96%\nTest Results\nComplete Blood Count (CBC): Within normal limits (No signs of infection or anemia) Blood Pressure: 130/85 mmHg (Elevated)\nRespiratory Rate: 18 breaths/min\nOxygen Saturation (SpO2): 96%\nTest Results\nComplete Blood Count (CBC): Within normal limits (No signs of infection or anemia)\nChest X-Ray: Mild lung inflammation (Localized in the lower lobes)\nECG (Electrocardiogram): Normal sinus rhythm (No arrhythmias or ischemic changes)\nLipid Profile:\n- Total Cholesterol: 220 mg/dL (Elevated)\n- LDL: 145 mg/dL (Elevated)\n- HDL: 40 mg/dL (Low)\n- Triglycerides: 180 mg/dL (Borderline High)\nMedications\n- Aspirin 75 mg - Once daily (Antiplatelet therapy)\n- Lisinopril 10 mg - Once daily (ACE inhibitor for hypertension)\n- Atorvastatin 20 mg - Once daily (Lipid-lowering agent)\nLifestyle Factors\nSmoking Status: Active smoker (10 cigarettes/day for 20 years)\nAlcohol Consumption: Occasional (2-3 drinks/week)\nExercise: Minimal physical activity\nDiet: High in saturated fats, low in fiber\nPreliminary Diagnosis\n- Chronic Bronchitis (Related to smoking history and persistent cough) Exercise: Minimal physical activity\nDiet: High in saturated fats, low in fiber\nPreliminary Diagnosis\n- Chronic Bronchitis (Related to smoking history and persistent cough)\n- Hypertension (Partially controlled)\n- Dyslipidemia (Elevated cholesterol levels)",
    "symptoms": [
        "Fatigue",
        "Shortness of breath",
        "Persistent cough",
        "Chest pain"
    ],
    "vital_signs": {
        "heart_rate": "78",
        "blood_pressure": "130/85",
        "temperature": "98.4"
    },
    "test_results": {
        "- Total Cholesterol": "220 mg/dL",
        "- LDL": "145 mg/dL",
        "- HDL": "40 mg/dL",
        "- Triglycerides": "180 mg/dL"
    },
    "medications": [],
    "preliminary_diagnosis": "Chronic Bronchitis (Related to smoking history and persistent cough) Exercise: Minimal physical activity"
}
2025-10-09 11:29:13,035 - __main__ - INFO - Generating PDF report...
2025-10-09 11:29:13,035 - models.extract - INFO - Received report content:
Clinical Report
Patient Information
Patient Name: John Doe
Age: 45
Gender: Male
Medical Record Number: MRN-2025-0001
Date of Admission: 2025-03-27
Primary Physician: Dr. Smith
Emergency Contact: Jane Doe (Spouse) - +1-234-567-8901
Medical History
Chronic Conditions:
- Hypertension (Diagnosed: 2020)
- Hyperlipidemia (Diagnosed: 2022)
Past Surgeries:
- Appendectomy (2015)
Allergies:
- Penicillin (Mild rash reaction)
Family Medical History:
- Father: Hypertension, Diabetes
- Mother: Asthma
Symptoms
- Persistent cough (Duration: 2 months, worsened over time)
- Shortness of breath (Triggered by exertion, intermittent)
- Fatigue (Chronic, affecting daily activities)
- Chest pain (Mild, occasional, associated with coughing)
Vital Signs (At Admission)
Temperature: 98.4°F (36.9°C)
Heart Rate: 78 bpm
Blood Pressure: 130/85 mmHg (Elevated)
Respiratory Rate: 18 breaths/min
Oxygen Saturation (SpO2): 96%
Test Results
Complete Blood Count (CBC): Within normal limits (No signs of infection or anemia) Blood Pressure: 130/85 mmHg (Elevated)
Respiratory Rate: 18 breaths/min
Oxygen Saturation (SpO2): 96%
Test Results
Complete Blood Count (CBC): Within normal limits (No signs of infection or anemia)
Chest X-Ray: Mild lung inflammation (Localized in the lower lobes)
ECG (Electrocardiogram): Normal sinus rhythm (No arrhythmias or ischemic changes)
Lipid Profile:
- Total Cholesterol: 220 mg/dL (Elevated)
- LDL: 145 mg/dL (Elevated)
- HDL: 40 mg/dL (Low)
- Triglycerides: 180 mg/dL (Borderline High)
Medications
- Aspirin 75 mg - Once daily (Antiplatelet therapy)
- Lisinopril 10 mg - Once daily (ACE inhibitor for hypertension)
- Atorvastatin 20 mg - Once daily (Lipid-lowering agent)
Lifestyle Factors
Smoking Status: Active smoker (10 cigarettes/day for 20 years)
Alcohol Consumption: Occasional (2-3 drinks/week)
Exercise: Minimal physical activity
Diet: High in saturated fats, low in fiber
Preliminary Diagnosis
- Chronic Bronchitis (Related to smoking history and persistent cough) Exercise: Minimal physical activity
Diet: High in saturated fats, low in fiber
Preliminary Diagnosis
- Chronic Bronchitis (Related to smoking history and persistent cough)
- Hypertension (Partially controlled)
- Dyslipidemia (Elevated cholesterol levels)
2025-10-09 11:29:14,408 - models.extract - INFO - Final Extracted Data:
{
    "full_report": "Clinical Report\nPatient Information\nPatient Name: John Doe\nAge: 45\nGender: Male\nMedical Record Number: MRN-2025-0001\nDate of Admission: 2025-03-27\nPrimary Physician: Dr. Smith\nEmergency Contact: Jane Doe (Spouse) - +1-234-567-8901\nMedical History\nChronic Conditions:\n- Hypertension (Diagnosed: 2020)\n- Hyperlipidemia (Diagnosed: 2022)\nPast Surgeries:\n- Appendectomy (2015)\nAllergies:\n- Penicillin (Mild rash reaction)\nFamily Medical History:\n- Father: Hypertension, Diabetes\n- Mother: Asthma\nSymptoms\n- Persistent cough (Duration: 2 months, worsened over time)\n- Shortness of breath (Triggered by exertion, intermittent)\n- Fatigue (Chronic, affecting daily activities)\n- Chest pain (Mild, occasional, associated with coughing)\nVital Signs (At Admission)\nTemperature: 98.4\u00b0F (36.9\u00b0C)\nHeart Rate: 78 bpm\nBlood Pressure: 130/85 mmHg (Elevated)\nRespiratory Rate: 18 breaths/min\nOxygen Saturation (SpO2): 96%\nTest Results\nComplete Blood Count (CBC): Within normal limits (No signs of infection or anemia) Blood Pressure: 130/85 mmHg (Elevated)\nRespiratory Rate: 18 breaths/min\nOxygen Saturation (SpO2): 96%\nTest Results\nComplete Blood Count (CBC): Within normal limits (No signs of infection or anemia)\nChest X-Ray: Mild lung inflammation (Localized in the lower lobes)\nECG (Electrocardiogram): Normal sinus rhythm (No arrhythmias or ischemic changes)\nLipid Profile:\n- Total Cholesterol: 220 mg/dL (Elevated)\n- LDL: 145 mg/dL (Elevated)\n- HDL: 40 mg/dL (Low)\n- Triglycerides: 180 mg/dL (Borderline High)\nMedications\n- Aspirin 75 mg - Once daily (Antiplatelet therapy)\n- Lisinopril 10 mg - Once daily (ACE inhibitor for hypertension)\n- Atorvastatin 20 mg - Once daily (Lipid-lowering agent)\nLifestyle Factors\nSmoking Status: Active smoker (10 cigarettes/day for 20 years)\nAlcohol Consumption: Occasional (2-3 drinks/week)\nExercise: Minimal physical activity\nDiet: High in saturated fats, low in fiber\nPreliminary Diagnosis\n- Chronic Bronchitis (Related to smoking history and persistent cough) Exercise: Minimal physical activity\nDiet: High in saturated fats, low in fiber\nPreliminary Diagnosis\n- Chronic Bronchitis (Related to smoking history and persistent cough)\n- Hypertension (Partially controlled)\n- Dyslipidemia (Elevated cholesterol levels)",
    "name": "John Doe\nAge",
    "age": "45",
    "gender": "Male",
    "medical_history": "Chronic Conditions:\n- Hypertension (Diagnosed: 2020)\n- Hyperlipidemia (Diagnosed: 2022)\nPast Surgeries:\n- Appendectomy (2015)\nAllergies:\n- Penicillin (Mild rash reaction)\nFamily Medical History:\n- Father: Hypertension, Diabetes\n- Mother: Asthma\nSymptoms\n- Persistent cough (Duration: 2 months, worsened over time)\n- Shortness of breath (Triggered by exertion, intermittent)\n- Fatigue (Chronic, affecting daily activities)\n- Chest pain (Mild, occasional, associated with coughing)\nVital Signs (At Admission)\nTemperature: 98.4\u00b0F (36.9\u00b0C)\nHeart Rate: 78 bpm\nBlood Pressure: 130/85 mmHg (Elevated)\nRespiratory Rate: 18 breaths/min\nOxygen Saturation (SpO2): 96%\nTest Results\nComplete Blood Count (CBC): Within normal limits (No signs of infection or anemia) Blood Pressure: 130/85 mmHg (Elevated)\nRespiratory Rate: 18 breaths/min\nOxygen Saturation (SpO2): 96%\nTest Results\nComplete Blood Count (CBC): Within normal limits (No signs of infection or anemia)\nChest X-Ray: Mild lung inflammation (Localized in the lower lobes)\nECG (Electrocardiogram): Normal sinus rhythm (No arrhythmias or ischemic changes)\nLipid Profile:\n- Total Cholesterol: 220 mg/dL (Elevated)\n- LDL: 145 mg/dL (Elevated)\n- HDL: 40 mg/dL (Low)\n- Triglycerides: 180 mg/dL (Borderline High)\nMedications\n- Aspirin 75 mg - Once daily (Antiplatelet therapy)\n- Lisinopril 10 mg - Once daily (ACE inhibitor for hypertension)\n- Atorvastatin 20 mg - Once daily (Lipid-lowering agent)\nLifestyle Factors\nSmoking Status: Active smoker (10 cigarettes/day for 20 years)\nAlcohol Consumption: Occasional (2-3 drinks/week)\nExercise: Minimal physical activity\nDiet: High in saturated fats, low in fiber\nPreliminary Diagnosis\n- Chronic Bronchitis (Related to smoking history and persistent cough) Exercise: Minimal physical activity\nDiet: High in saturated fats, low in fiber\nPreliminary Diagnosis\n- Chronic Bronchitis (Related to smoking history and persistent cough)\n- Hypertension (Partially controlled)\n- Dyslipidemia (Elevated cholesterol levels)",
    "symptoms": [
        "Fatigue",
        "Shortness of breath",
        "Persistent cough",
        "Chest pain"
    ],
    "vital_signs": {
        "heart_rate": "78",
        "blood_pressure": "130/85",
        "temperature": "98.4"
    },
    "test_results": {
        "- Total Cholesterol": "220 mg/dL",
        "- LDL": "145 mg/dL",
        "- HDL": "40 mg/dL",
        "- Triglycerides": "180 mg/dL"
    },
    "medications": [],
    "preliminary_diagnosis": "Chronic Bronchitis (Related to smoking history and persistent cough) Exercise: Minimal physical activity"
}
2025-10-09 11:29:14,409 - models.diagnosis - INFO - Symptoms: Fatigue, Shortness of breath, Persistent cough, Chest pain
2025-10-09 11:29:14,410 - models.diagnosis - INFO - Vitals: heart_rate: 78, blood_pressure: 130/85, temperature: 98.4
2025-10-09 11:29:14,410 - models.diagnosis - INFO - Tests: - Total Cholesterol: 220 mg/dL, - LDL: 145 mg/dL, - HDL: 40 mg/dL, - Triglycerides: 180 mg/dL
2025-10-09 11:29:14,410 - models.diagnosis - INFO - Preliminary Diagnosis: Chronic Bronchitis (Related to smoking history and persistent cough) Exercise: Minimal physical activity
2025-10-09 11:29:15,015 - models.diagnosis - ERROR - Cohere failed to generate diagnosis: status_code: 404, body: {'id': 'd33e9d95-4c50-44c1-9ffe-56891388dded', 'message': "model 'command-r-plus' was removed on September 15, 2025. See https://docs.cohere.com/docs/models#command for a list of models you can use instead."}
2025-10-09 11:29:15,017 - models.followup - INFO - Fetching diagnosed conditions...
2025-10-09 11:29:15,017 - models.followup - ERROR - Error in diagnosis function: diagnose() takes 1 positional argument but 3 were given
2025-10-09 11:29:15,017 - models.followup - INFO - Patient Data: 
    Symptoms: ['Fatigue', 'Shortness of breath', 'Persistent cough', 'Chest pain']
    Medical History: {'full_report': 'Clinical Report\nPatient Information\nPatient Name: John Doe\nAge: 45\nGender: Male\nMedical Record Number: MRN-2025-0001\nDate of Admission: 2025-03-27\nPrimary Physician: Dr. Smith\nEmergency Contact: Jane Doe (Spouse) - +1-234-567-8901\nMedical History\nChronic Conditions:\n- Hypertension (Diagnosed: 2020)\n- Hyperlipidemia (Diagnosed: 2022)\nPast Surgeries:\n- Appendectomy (2015)\nAllergies:\n- Penicillin (Mild rash reaction)\nFamily Medical History:\n- Father: Hypertension, Diabetes\n- Mother: Asthma\nSymptoms\n- Persistent cough (Duration: 2 months, worsened over time)\n- Shortness of breath (Triggered by exertion, intermittent)\n- Fatigue (Chronic, affecting daily activities)\n- Chest pain (Mild, occasional, associated with coughing)\nVital Signs (At Admission)\nTemperature: 98.4°F (36.9°C)\nHeart Rate: 78 bpm\nBlood Pressure: 130/85 mmHg (Elevated)\nRespiratory Rate: 18 breaths/min\nOxygen Saturation (SpO2): 96%\nTest Results\nComplete Blood Count (CBC): Within normal limits (No signs of infection or anemia) Blood Pressure: 130/85 mmHg (Elevated)\nRespiratory Rate: 18 breaths/min\nOxygen Saturation (SpO2): 96%\nTest Results\nComplete Blood Count (CBC): Within normal limits (No signs of infection or anemia)\nChest X-Ray: Mild lung inflammation (Localized in the lower lobes)\nECG (Electrocardiogram): Normal sinus rhythm (No arrhythmias or ischemic changes)\nLipid Profile:\n- Total Cholesterol: 220 mg/dL (Elevated)\n- LDL: 145 mg/dL (Elevated)\n- HDL: 40 mg/dL (Low)\n- Triglycerides: 180 mg/dL (Borderline High)\nMedications\n- Aspirin 75 mg - Once daily (Antiplatelet therapy)\n- Lisinopril 10 mg - Once daily (ACE inhibitor for hypertension)\n- Atorvastatin 20 mg - Once daily (Lipid-lowering agent)\nLifestyle Factors\nSmoking Status: Active smoker (10 cigarettes/day for 20 years)\nAlcohol Consumption: Occasional (2-3 drinks/week)\nExercise: Minimal physical activity\nDiet: High in saturated fats, low in fiber\nPreliminary Diagnosis\n- Chronic Bronchitis (Related to smoking history and persistent cough) Exercise: Minimal physical activity\nDiet: High in saturated fats, low in fiber\nPreliminary Diagnosis\n- Chronic Bronchitis (Related to smoking history and persistent cough)\n- Hypertension (Partially controlled)\n- Dyslipidemia (Elevated cholesterol levels)', 'name': 'John Doe', 'age': '45', 'gender': 'Male', 'medical_history': 'Chronic Conditions:\n- Hypertension (Diagnosed: 2020)\n- Hyperlipidemia (Diagnosed: 2022)\nPast Surgeries:\n- Appendectomy (2015)\nAllergies:\n- Penicillin (Mild rash reaction)\nFamily Medical History:\n- Father: Hypertension, Diabetes\n- Mother: Asthma\nSymptoms\n- Persistent cough (Duration: 2 months, worsened over time)\n- Shortness of breath (Triggered by exertion, intermittent)\n- Fatigue (Chronic, affecting daily activities)\n- Chest pain (Mild, occasional, associated with coughing)\nVital Signs (At Admission)\nTemperature: 98.4°F (36.9°C)\nHeart Rate: 78 bpm\nBlood Pressure: 130/85 mmHg (Elevated)\nRespiratory Rate: 18 breaths/min\nOxygen Saturation (SpO2): 96%\nTest Results\nComplete Blood Count (CBC): Within normal limits (No signs of infection or anemia) Blood Pressure: 130/85 mmHg (Elevated)\nRespiratory Rate: 18 breaths/min\nOxygen Saturation (SpO2): 96%\nTest Results\nComplete Blood Count (CBC): Within normal limits (No signs of infection or anemia)\nChest X-Ray: Mild lung inflammation (Localized in the lower lobes)\nECG (Electrocardiogram): Normal sinus rhythm (No arrhythmias or ischemic changes)\nLipid Profile:\n- Total Cholesterol: 220 mg/dL (Elevated)\n- LDL: 145 mg/dL (Elevated)\n- HDL: 40 mg/dL (Low)\n- Triglycerides: 180 mg/dL (Borderline High)\nMedications\n- Aspirin 75 mg - Once daily (Antiplatelet therapy)\n- Lisinopril 10 mg - Once daily (ACE inhibitor for hypertension)\n- Atorvastatin 20 mg - Once daily (Lipid-lowering agent)\nLifestyle Factors\nSmoking Status: Active smoker (10 cigarettes/day for 20 years)\nAlcohol Consumption: Occasional (2-3 drinks/week)\nExercise: Minimal physical activity\nDiet: High in saturated fats, low in fiber\nPreliminary Diagnosis\n- Chronic Bronchitis (Related to smoking history and persistent cough) Exercise: Minimal physical activity\nDiet: High in saturated fats, low in fiber\nPreliminary Diagnosis\n- Chronic Bronchitis (Related to smoking history and persistent cough)\n- Hypertension (Partially controlled)\n- Dyslipidemia (Elevated cholesterol levels)', 'symptoms': ['Fatigue', 'Shortness of breath', 'Persistent cough', 'Chest pain'], 'vital_signs': {'heart_rate': '78', 'blood_pressure': '130/85', 'temperature': '98.4'}, 'test_results': {'- Total Cholesterol': '220 mg/dL', '- LDL': '145 mg/dL', '- HDL': '40 mg/dL', '- Triglycerides': '180 mg/dL'}, 'medications': [], 'preliminary_diagnosis': 'Chronic Bronchitis (Related to smoking history and persistent cough) Exercise: Minimal physical activity'}  # Use diagnosis to represent the patient's history
    Test Results: {'- Total Cholesterol': '220 mg/dL', '- LDL': '145 mg/dL', '- HDL': '40 mg/dL', '- Triglycerides': '180 mg/dL'}
    Predicted Diagnosis: Unknown Diagnosis
    
2025-10-09 11:29:15,346 - models.followup - ERROR - Cohere error: status_code: 404, body: {'id': '8ed81696-1900-4404-b02d-63939fe2e3a0', 'message': "model 'command-r-plus' was removed on September 15, 2025. See https://docs.cohere.com/docs/models#command for a list of models you can use instead."}
2025-10-09 11:29:15,351 - __main__ - ERROR - Error generating report
Traceback (most recent call last):
  File "C:\Users\IMMERSIVE36\Downloads\medicalchatbot\medicalchatbot\app.py", line 155, in generate_report
    report_path = generate_pdf_report(report_data)
                  ^^^^^^^^^^^^^^^^^^^^^^^^^^^^^^^^
  File "C:\Users\IMMERSIVE36\Downloads\medicalchatbot\medicalchatbot\models\report_generation.py", line 166, in generate_pdf_report
    raise e
  File "C:\Users\IMMERSIVE36\Downloads\medicalchatbot\medicalchatbot\models\report_generation.py", line 159, in generate_pdf_report
    pdf.output(file_path)
  File "C:\Users\IMMERSIVE36\AppData\Local\Programs\Python\Python311\Lib\site-packages\fpdf\fpdf.py", line 1065, in output
    self.close()
  File "C:\Users\IMMERSIVE36\AppData\Local\Programs\Python\Python311\Lib\site-packages\fpdf\fpdf.py", line 246, in close
    self._enddoc()
  File "C:\Users\IMMERSIVE36\AppData\Local\Programs\Python\Python311\Lib\site-packages\fpdf\fpdf.py", line 1636, in _enddoc
    self._putpages()
  File "C:\Users\IMMERSIVE36\AppData\Local\Programs\Python\Python311\Lib\site-packages\fpdf\fpdf.py", line 1170, in _putpages
    p = self.pages[n].encode("latin1") if PY3K else self.pages[n]
       ^^^^^^^^^^^^^^^^^^^^^^^^^^^^^^
UnicodeEncodeError: 'latin-1' codec can't encode character '\U0001f534' in position 367: ordinal not in range(256)
2025-10-09 11:30:11,575 - models.extract - INFO - Clinical NER model loaded successfully.
2025-10-09 11:30:19,740 - __main__ - INFO - Loading Hugging Face embedding model...
2025-10-09 11:31:34,974 - __main__ - INFO - Uploaded file saved to uploads\Formatted_Clinical_Report.docx
2025-10-09 11:31:48,740 - __main__ - INFO - Generating report...
2025-10-09 11:31:48,740 - __main__ - INFO - Extracting structured data from clinical text...
2025-10-09 11:31:48,741 - models.extract - INFO - Received report content:
Clinical Report
Patient Information
Patient Name: John Doe
Age: 45
Gender: Male
Medical Record Number: MRN-2025-0001
Date of Admission: 2025-03-27
Primary Physician: Dr. Smith
Emergency Contact: Jane Doe (Spouse) - +1-234-567-8901
Medical History
Chronic Conditions:
- Hypertension (Diagnosed: 2020)
- Hyperlipidemia (Diagnosed: 2022)
Past Surgeries:
- Appendectomy (2015)
Allergies:
- Penicillin (Mild rash reaction)
Family Medical History:
- Father: Hypertension, Diabetes
- Mother: Asthma
Symptoms
- Persistent cough (Duration: 2 months, worsened over time)
- Shortness of breath (Triggered by exertion, intermittent)
- Fatigue (Chronic, affecting daily activities)
- Chest pain (Mild, occasional, associated with coughing)
Vital Signs (At Admission)
Temperature: 98.4°F (36.9°C)
Heart Rate: 78 bpm
Blood Pressure: 130/85 mmHg (Elevated)
Respiratory Rate: 18 breaths/min
Oxygen Saturation (SpO2): 96%
Test Results
Complete Blood Count (CBC): Within normal limits (No signs of infection or anemia) Blood Pressure: 130/85 mmHg (Elevated)
Respiratory Rate: 18 breaths/min
Oxygen Saturation (SpO2): 96%
Test Results
Complete Blood Count (CBC): Within normal limits (No signs of infection or anemia)
Chest X-Ray: Mild lung inflammation (Localized in the lower lobes)
ECG (Electrocardiogram): Normal sinus rhythm (No arrhythmias or ischemic changes)
Lipid Profile:
- Total Cholesterol: 220 mg/dL (Elevated)
- LDL: 145 mg/dL (Elevated)
- HDL: 40 mg/dL (Low)
- Triglycerides: 180 mg/dL (Borderline High)
Medications
- Aspirin 75 mg - Once daily (Antiplatelet therapy)
- Lisinopril 10 mg - Once daily (ACE inhibitor for hypertension)
- Atorvastatin 20 mg - Once daily (Lipid-lowering agent)
Lifestyle Factors
Smoking Status: Active smoker (10 cigarettes/day for 20 years)
Alcohol Consumption: Occasional (2-3 drinks/week)
Exercise: Minimal physical activity
Diet: High in saturated fats, low in fiber
Preliminary Diagnosis
- Chronic Bronchitis (Related to smoking history and persistent cough) Exercise: Minimal physical activity
Diet: High in saturated fats, low in fiber
Preliminary Diagnosis
- Chronic Bronchitis (Related to smoking history and persistent cough)
- Hypertension (Partially controlled)
- Dyslipidemia (Elevated cholesterol levels)
2025-10-09 11:31:50,114 - models.extract - INFO - Final Extracted Data:
{
    "full_report": "Clinical Report\nPatient Information\nPatient Name: John Doe\nAge: 45\nGender: Male\nMedical Record Number: MRN-2025-0001\nDate of Admission: 2025-03-27\nPrimary Physician: Dr. Smith\nEmergency Contact: Jane Doe (Spouse) - +1-234-567-8901\nMedical History\nChronic Conditions:\n- Hypertension (Diagnosed: 2020)\n- Hyperlipidemia (Diagnosed: 2022)\nPast Surgeries:\n- Appendectomy (2015)\nAllergies:\n- Penicillin (Mild rash reaction)\nFamily Medical History:\n- Father: Hypertension, Diabetes\n- Mother: Asthma\nSymptoms\n- Persistent cough (Duration: 2 months, worsened over time)\n- Shortness of breath (Triggered by exertion, intermittent)\n- Fatigue (Chronic, affecting daily activities)\n- Chest pain (Mild, occasional, associated with coughing)\nVital Signs (At Admission)\nTemperature: 98.4\u00b0F (36.9\u00b0C)\nHeart Rate: 78 bpm\nBlood Pressure: 130/85 mmHg (Elevated)\nRespiratory Rate: 18 breaths/min\nOxygen Saturation (SpO2): 96%\nTest Results\nComplete Blood Count (CBC): Within normal limits (No signs of infection or anemia) Blood Pressure: 130/85 mmHg (Elevated)\nRespiratory Rate: 18 breaths/min\nOxygen Saturation (SpO2): 96%\nTest Results\nComplete Blood Count (CBC): Within normal limits (No signs of infection or anemia)\nChest X-Ray: Mild lung inflammation (Localized in the lower lobes)\nECG (Electrocardiogram): Normal sinus rhythm (No arrhythmias or ischemic changes)\nLipid Profile:\n- Total Cholesterol: 220 mg/dL (Elevated)\n- LDL: 145 mg/dL (Elevated)\n- HDL: 40 mg/dL (Low)\n- Triglycerides: 180 mg/dL (Borderline High)\nMedications\n- Aspirin 75 mg - Once daily (Antiplatelet therapy)\n- Lisinopril 10 mg - Once daily (ACE inhibitor for hypertension)\n- Atorvastatin 20 mg - Once daily (Lipid-lowering agent)\nLifestyle Factors\nSmoking Status: Active smoker (10 cigarettes/day for 20 years)\nAlcohol Consumption: Occasional (2-3 drinks/week)\nExercise: Minimal physical activity\nDiet: High in saturated fats, low in fiber\nPreliminary Diagnosis\n- Chronic Bronchitis (Related to smoking history and persistent cough) Exercise: Minimal physical activity\nDiet: High in saturated fats, low in fiber\nPreliminary Diagnosis\n- Chronic Bronchitis (Related to smoking history and persistent cough)\n- Hypertension (Partially controlled)\n- Dyslipidemia (Elevated cholesterol levels)",
    "name": "John Doe\nAge",
    "age": "45",
    "gender": "Male",
    "medical_history": "Chronic Conditions:\n- Hypertension (Diagnosed: 2020)\n- Hyperlipidemia (Diagnosed: 2022)\nPast Surgeries:\n- Appendectomy (2015)\nAllergies:\n- Penicillin (Mild rash reaction)\nFamily Medical History:\n- Father: Hypertension, Diabetes\n- Mother: Asthma\nSymptoms\n- Persistent cough (Duration: 2 months, worsened over time)\n- Shortness of breath (Triggered by exertion, intermittent)\n- Fatigue (Chronic, affecting daily activities)\n- Chest pain (Mild, occasional, associated with coughing)\nVital Signs (At Admission)\nTemperature: 98.4\u00b0F (36.9\u00b0C)\nHeart Rate: 78 bpm\nBlood Pressure: 130/85 mmHg (Elevated)\nRespiratory Rate: 18 breaths/min\nOxygen Saturation (SpO2): 96%\nTest Results\nComplete Blood Count (CBC): Within normal limits (No signs of infection or anemia) Blood Pressure: 130/85 mmHg (Elevated)\nRespiratory Rate: 18 breaths/min\nOxygen Saturation (SpO2): 96%\nTest Results\nComplete Blood Count (CBC): Within normal limits (No signs of infection or anemia)\nChest X-Ray: Mild lung inflammation (Localized in the lower lobes)\nECG (Electrocardiogram): Normal sinus rhythm (No arrhythmias or ischemic changes)\nLipid Profile:\n- Total Cholesterol: 220 mg/dL (Elevated)\n- LDL: 145 mg/dL (Elevated)\n- HDL: 40 mg/dL (Low)\n- Triglycerides: 180 mg/dL (Borderline High)\nMedications\n- Aspirin 75 mg - Once daily (Antiplatelet therapy)\n- Lisinopril 10 mg - Once daily (ACE inhibitor for hypertension)\n- Atorvastatin 20 mg - Once daily (Lipid-lowering agent)\nLifestyle Factors\nSmoking Status: Active smoker (10 cigarettes/day for 20 years)\nAlcohol Consumption: Occasional (2-3 drinks/week)\nExercise: Minimal physical activity\nDiet: High in saturated fats, low in fiber\nPreliminary Diagnosis\n- Chronic Bronchitis (Related to smoking history and persistent cough) Exercise: Minimal physical activity\nDiet: High in saturated fats, low in fiber\nPreliminary Diagnosis\n- Chronic Bronchitis (Related to smoking history and persistent cough)\n- Hypertension (Partially controlled)\n- Dyslipidemia (Elevated cholesterol levels)",
    "symptoms": [
        "Fatigue",
        "Chest pain",
        "Shortness of breath",
        "Persistent cough"
    ],
    "vital_signs": {
        "heart_rate": "78",
        "blood_pressure": "130/85",
        "temperature": "98.4"
    },
    "test_results": {
        "- Total Cholesterol": "220 mg/dL",
        "- LDL": "145 mg/dL",
        "- HDL": "40 mg/dL",
        "- Triglycerides": "180 mg/dL"
    },
    "medications": [],
    "preliminary_diagnosis": "Chronic Bronchitis (Related to smoking history and persistent cough) Exercise: Minimal physical activity"
}
2025-10-09 11:31:50,116 - __main__ - INFO - Extracted report data:
{
    "full_report": "Clinical Report\nPatient Information\nPatient Name: John Doe\nAge: 45\nGender: Male\nMedical Record Number: MRN-2025-0001\nDate of Admission: 2025-03-27\nPrimary Physician: Dr. Smith\nEmergency Contact: Jane Doe (Spouse) - +1-234-567-8901\nMedical History\nChronic Conditions:\n- Hypertension (Diagnosed: 2020)\n- Hyperlipidemia (Diagnosed: 2022)\nPast Surgeries:\n- Appendectomy (2015)\nAllergies:\n- Penicillin (Mild rash reaction)\nFamily Medical History:\n- Father: Hypertension, Diabetes\n- Mother: Asthma\nSymptoms\n- Persistent cough (Duration: 2 months, worsened over time)\n- Shortness of breath (Triggered by exertion, intermittent)\n- Fatigue (Chronic, affecting daily activities)\n- Chest pain (Mild, occasional, associated with coughing)\nVital Signs (At Admission)\nTemperature: 98.4\u00b0F (36.9\u00b0C)\nHeart Rate: 78 bpm\nBlood Pressure: 130/85 mmHg (Elevated)\nRespiratory Rate: 18 breaths/min\nOxygen Saturation (SpO2): 96%\nTest Results\nComplete Blood Count (CBC): Within normal limits (No signs of infection or anemia) Blood Pressure: 130/85 mmHg (Elevated)\nRespiratory Rate: 18 breaths/min\nOxygen Saturation (SpO2): 96%\nTest Results\nComplete Blood Count (CBC): Within normal limits (No signs of infection or anemia)\nChest X-Ray: Mild lung inflammation (Localized in the lower lobes)\nECG (Electrocardiogram): Normal sinus rhythm (No arrhythmias or ischemic changes)\nLipid Profile:\n- Total Cholesterol: 220 mg/dL (Elevated)\n- LDL: 145 mg/dL (Elevated)\n- HDL: 40 mg/dL (Low)\n- Triglycerides: 180 mg/dL (Borderline High)\nMedications\n- Aspirin 75 mg - Once daily (Antiplatelet therapy)\n- Lisinopril 10 mg - Once daily (ACE inhibitor for hypertension)\n- Atorvastatin 20 mg - Once daily (Lipid-lowering agent)\nLifestyle Factors\nSmoking Status: Active smoker (10 cigarettes/day for 20 years)\nAlcohol Consumption: Occasional (2-3 drinks/week)\nExercise: Minimal physical activity\nDiet: High in saturated fats, low in fiber\nPreliminary Diagnosis\n- Chronic Bronchitis (Related to smoking history and persistent cough) Exercise: Minimal physical activity\nDiet: High in saturated fats, low in fiber\nPreliminary Diagnosis\n- Chronic Bronchitis (Related to smoking history and persistent cough)\n- Hypertension (Partially controlled)\n- Dyslipidemia (Elevated cholesterol levels)",
    "name": "John Doe\nAge",
    "age": "45",
    "gender": "Male",
    "medical_history": "Chronic Conditions:\n- Hypertension (Diagnosed: 2020)\n- Hyperlipidemia (Diagnosed: 2022)\nPast Surgeries:\n- Appendectomy (2015)\nAllergies:\n- Penicillin (Mild rash reaction)\nFamily Medical History:\n- Father: Hypertension, Diabetes\n- Mother: Asthma\nSymptoms\n- Persistent cough (Duration: 2 months, worsened over time)\n- Shortness of breath (Triggered by exertion, intermittent)\n- Fatigue (Chronic, affecting daily activities)\n- Chest pain (Mild, occasional, associated with coughing)\nVital Signs (At Admission)\nTemperature: 98.4\u00b0F (36.9\u00b0C)\nHeart Rate: 78 bpm\nBlood Pressure: 130/85 mmHg (Elevated)\nRespiratory Rate: 18 breaths/min\nOxygen Saturation (SpO2): 96%\nTest Results\nComplete Blood Count (CBC): Within normal limits (No signs of infection or anemia) Blood Pressure: 130/85 mmHg (Elevated)\nRespiratory Rate: 18 breaths/min\nOxygen Saturation (SpO2): 96%\nTest Results\nComplete Blood Count (CBC): Within normal limits (No signs of infection or anemia)\nChest X-Ray: Mild lung inflammation (Localized in the lower lobes)\nECG (Electrocardiogram): Normal sinus rhythm (No arrhythmias or ischemic changes)\nLipid Profile:\n- Total Cholesterol: 220 mg/dL (Elevated)\n- LDL: 145 mg/dL (Elevated)\n- HDL: 40 mg/dL (Low)\n- Triglycerides: 180 mg/dL (Borderline High)\nMedications\n- Aspirin 75 mg - Once daily (Antiplatelet therapy)\n- Lisinopril 10 mg - Once daily (ACE inhibitor for hypertension)\n- Atorvastatin 20 mg - Once daily (Lipid-lowering agent)\nLifestyle Factors\nSmoking Status: Active smoker (10 cigarettes/day for 20 years)\nAlcohol Consumption: Occasional (2-3 drinks/week)\nExercise: Minimal physical activity\nDiet: High in saturated fats, low in fiber\nPreliminary Diagnosis\n- Chronic Bronchitis (Related to smoking history and persistent cough) Exercise: Minimal physical activity\nDiet: High in saturated fats, low in fiber\nPreliminary Diagnosis\n- Chronic Bronchitis (Related to smoking history and persistent cough)\n- Hypertension (Partially controlled)\n- Dyslipidemia (Elevated cholesterol levels)",
    "symptoms": [
        "Fatigue",
        "Chest pain",
        "Shortness of breath",
        "Persistent cough"
    ],
    "vital_signs": {
        "heart_rate": "78",
        "blood_pressure": "130/85",
        "temperature": "98.4"
    },
    "test_results": {
        "- Total Cholesterol": "220 mg/dL",
        "- LDL": "145 mg/dL",
        "- HDL": "40 mg/dL",
        "- Triglycerides": "180 mg/dL"
    },
    "medications": [],
    "preliminary_diagnosis": "Chronic Bronchitis (Related to smoking history and persistent cough) Exercise: Minimal physical activity"
}
2025-10-09 11:31:50,118 - __main__ - INFO - Generating PDF report...
2025-10-09 11:31:50,118 - models.extract - INFO - Received report content:
Clinical Report
Patient Information
Patient Name: John Doe
Age: 45
Gender: Male
Medical Record Number: MRN-2025-0001
Date of Admission: 2025-03-27
Primary Physician: Dr. Smith
Emergency Contact: Jane Doe (Spouse) - +1-234-567-8901
Medical History
Chronic Conditions:
- Hypertension (Diagnosed: 2020)
- Hyperlipidemia (Diagnosed: 2022)
Past Surgeries:
- Appendectomy (2015)
Allergies:
- Penicillin (Mild rash reaction)
Family Medical History:
- Father: Hypertension, Diabetes
- Mother: Asthma
Symptoms
- Persistent cough (Duration: 2 months, worsened over time)
- Shortness of breath (Triggered by exertion, intermittent)
- Fatigue (Chronic, affecting daily activities)
- Chest pain (Mild, occasional, associated with coughing)
Vital Signs (At Admission)
Temperature: 98.4°F (36.9°C)
Heart Rate: 78 bpm
Blood Pressure: 130/85 mmHg (Elevated)
Respiratory Rate: 18 breaths/min
Oxygen Saturation (SpO2): 96%
Test Results
Complete Blood Count (CBC): Within normal limits (No signs of infection or anemia) Blood Pressure: 130/85 mmHg (Elevated)
Respiratory Rate: 18 breaths/min
Oxygen Saturation (SpO2): 96%
Test Results
Complete Blood Count (CBC): Within normal limits (No signs of infection or anemia)
Chest X-Ray: Mild lung inflammation (Localized in the lower lobes)
ECG (Electrocardiogram): Normal sinus rhythm (No arrhythmias or ischemic changes)
Lipid Profile:
- Total Cholesterol: 220 mg/dL (Elevated)
- LDL: 145 mg/dL (Elevated)
- HDL: 40 mg/dL (Low)
- Triglycerides: 180 mg/dL (Borderline High)
Medications
- Aspirin 75 mg - Once daily (Antiplatelet therapy)
- Lisinopril 10 mg - Once daily (ACE inhibitor for hypertension)
- Atorvastatin 20 mg - Once daily (Lipid-lowering agent)
Lifestyle Factors
Smoking Status: Active smoker (10 cigarettes/day for 20 years)
Alcohol Consumption: Occasional (2-3 drinks/week)
Exercise: Minimal physical activity
Diet: High in saturated fats, low in fiber
Preliminary Diagnosis
- Chronic Bronchitis (Related to smoking history and persistent cough) Exercise: Minimal physical activity
Diet: High in saturated fats, low in fiber
Preliminary Diagnosis
- Chronic Bronchitis (Related to smoking history and persistent cough)
- Hypertension (Partially controlled)
- Dyslipidemia (Elevated cholesterol levels)
2025-10-09 11:31:51,470 - models.extract - INFO - Final Extracted Data:
{
    "full_report": "Clinical Report\nPatient Information\nPatient Name: John Doe\nAge: 45\nGender: Male\nMedical Record Number: MRN-2025-0001\nDate of Admission: 2025-03-27\nPrimary Physician: Dr. Smith\nEmergency Contact: Jane Doe (Spouse) - +1-234-567-8901\nMedical History\nChronic Conditions:\n- Hypertension (Diagnosed: 2020)\n- Hyperlipidemia (Diagnosed: 2022)\nPast Surgeries:\n- Appendectomy (2015)\nAllergies:\n- Penicillin (Mild rash reaction)\nFamily Medical History:\n- Father: Hypertension, Diabetes\n- Mother: Asthma\nSymptoms\n- Persistent cough (Duration: 2 months, worsened over time)\n- Shortness of breath (Triggered by exertion, intermittent)\n- Fatigue (Chronic, affecting daily activities)\n- Chest pain (Mild, occasional, associated with coughing)\nVital Signs (At Admission)\nTemperature: 98.4\u00b0F (36.9\u00b0C)\nHeart Rate: 78 bpm\nBlood Pressure: 130/85 mmHg (Elevated)\nRespiratory Rate: 18 breaths/min\nOxygen Saturation (SpO2): 96%\nTest Results\nComplete Blood Count (CBC): Within normal limits (No signs of infection or anemia) Blood Pressure: 130/85 mmHg (Elevated)\nRespiratory Rate: 18 breaths/min\nOxygen Saturation (SpO2): 96%\nTest Results\nComplete Blood Count (CBC): Within normal limits (No signs of infection or anemia)\nChest X-Ray: Mild lung inflammation (Localized in the lower lobes)\nECG (Electrocardiogram): Normal sinus rhythm (No arrhythmias or ischemic changes)\nLipid Profile:\n- Total Cholesterol: 220 mg/dL (Elevated)\n- LDL: 145 mg/dL (Elevated)\n- HDL: 40 mg/dL (Low)\n- Triglycerides: 180 mg/dL (Borderline High)\nMedications\n- Aspirin 75 mg - Once daily (Antiplatelet therapy)\n- Lisinopril 10 mg - Once daily (ACE inhibitor for hypertension)\n- Atorvastatin 20 mg - Once daily (Lipid-lowering agent)\nLifestyle Factors\nSmoking Status: Active smoker (10 cigarettes/day for 20 years)\nAlcohol Consumption: Occasional (2-3 drinks/week)\nExercise: Minimal physical activity\nDiet: High in saturated fats, low in fiber\nPreliminary Diagnosis\n- Chronic Bronchitis (Related to smoking history and persistent cough) Exercise: Minimal physical activity\nDiet: High in saturated fats, low in fiber\nPreliminary Diagnosis\n- Chronic Bronchitis (Related to smoking history and persistent cough)\n- Hypertension (Partially controlled)\n- Dyslipidemia (Elevated cholesterol levels)",
    "name": "John Doe\nAge",
    "age": "45",
    "gender": "Male",
    "medical_history": "Chronic Conditions:\n- Hypertension (Diagnosed: 2020)\n- Hyperlipidemia (Diagnosed: 2022)\nPast Surgeries:\n- Appendectomy (2015)\nAllergies:\n- Penicillin (Mild rash reaction)\nFamily Medical History:\n- Father: Hypertension, Diabetes\n- Mother: Asthma\nSymptoms\n- Persistent cough (Duration: 2 months, worsened over time)\n- Shortness of breath (Triggered by exertion, intermittent)\n- Fatigue (Chronic, affecting daily activities)\n- Chest pain (Mild, occasional, associated with coughing)\nVital Signs (At Admission)\nTemperature: 98.4\u00b0F (36.9\u00b0C)\nHeart Rate: 78 bpm\nBlood Pressure: 130/85 mmHg (Elevated)\nRespiratory Rate: 18 breaths/min\nOxygen Saturation (SpO2): 96%\nTest Results\nComplete Blood Count (CBC): Within normal limits (No signs of infection or anemia) Blood Pressure: 130/85 mmHg (Elevated)\nRespiratory Rate: 18 breaths/min\nOxygen Saturation (SpO2): 96%\nTest Results\nComplete Blood Count (CBC): Within normal limits (No signs of infection or anemia)\nChest X-Ray: Mild lung inflammation (Localized in the lower lobes)\nECG (Electrocardiogram): Normal sinus rhythm (No arrhythmias or ischemic changes)\nLipid Profile:\n- Total Cholesterol: 220 mg/dL (Elevated)\n- LDL: 145 mg/dL (Elevated)\n- HDL: 40 mg/dL (Low)\n- Triglycerides: 180 mg/dL (Borderline High)\nMedications\n- Aspirin 75 mg - Once daily (Antiplatelet therapy)\n- Lisinopril 10 mg - Once daily (ACE inhibitor for hypertension)\n- Atorvastatin 20 mg - Once daily (Lipid-lowering agent)\nLifestyle Factors\nSmoking Status: Active smoker (10 cigarettes/day for 20 years)\nAlcohol Consumption: Occasional (2-3 drinks/week)\nExercise: Minimal physical activity\nDiet: High in saturated fats, low in fiber\nPreliminary Diagnosis\n- Chronic Bronchitis (Related to smoking history and persistent cough) Exercise: Minimal physical activity\nDiet: High in saturated fats, low in fiber\nPreliminary Diagnosis\n- Chronic Bronchitis (Related to smoking history and persistent cough)\n- Hypertension (Partially controlled)\n- Dyslipidemia (Elevated cholesterol levels)",
    "symptoms": [
        "Fatigue",
        "Chest pain",
        "Shortness of breath",
        "Persistent cough"
    ],
    "vital_signs": {
        "heart_rate": "78",
        "blood_pressure": "130/85",
        "temperature": "98.4"
    },
    "test_results": {
        "- Total Cholesterol": "220 mg/dL",
        "- LDL": "145 mg/dL",
        "- HDL": "40 mg/dL",
        "- Triglycerides": "180 mg/dL"
    },
    "medications": [],
    "preliminary_diagnosis": "Chronic Bronchitis (Related to smoking history and persistent cough) Exercise: Minimal physical activity"
}
2025-10-09 11:31:51,471 - models.diagnosis - INFO - Symptoms: Fatigue, Chest pain, Shortness of breath, Persistent cough
2025-10-09 11:31:51,471 - models.diagnosis - INFO - Vitals: heart_rate: 78, blood_pressure: 130/85, temperature: 98.4
2025-10-09 11:31:51,471 - models.diagnosis - INFO - Tests: - Total Cholesterol: 220 mg/dL, - LDL: 145 mg/dL, - HDL: 40 mg/dL, - Triglycerides: 180 mg/dL
2025-10-09 11:31:51,471 - models.diagnosis - INFO - Preliminary Diagnosis: Chronic Bronchitis (Related to smoking history and persistent cough) Exercise: Minimal physical activity
2025-10-09 11:31:51,804 - models.diagnosis - ERROR - Cohere failed to generate diagnosis: status_code: 404, body: {'id': '5b870380-b532-4f16-b7fe-9c72c646d545', 'message': "model 'command-r-plus' was removed on September 15, 2025. See https://docs.cohere.com/docs/models#command for a list of models you can use instead."}
2025-10-09 11:31:51,807 - models.followup - INFO - Fetching diagnosed conditions...
2025-10-09 11:31:51,808 - models.followup - ERROR - Error in diagnosis function: diagnose() takes 1 positional argument but 3 were given
2025-10-09 11:31:51,808 - models.followup - INFO - Patient Data: 
    Symptoms: ['Fatigue', 'Chest pain', 'Shortness of breath', 'Persistent cough']
    Medical History: {'full_report': 'Clinical Report\nPatient Information\nPatient Name: John Doe\nAge: 45\nGender: Male\nMedical Record Number: MRN-2025-0001\nDate of Admission: 2025-03-27\nPrimary Physician: Dr. Smith\nEmergency Contact: Jane Doe (Spouse) - +1-234-567-8901\nMedical History\nChronic Conditions:\n- Hypertension (Diagnosed: 2020)\n- Hyperlipidemia (Diagnosed: 2022)\nPast Surgeries:\n- Appendectomy (2015)\nAllergies:\n- Penicillin (Mild rash reaction)\nFamily Medical History:\n- Father: Hypertension, Diabetes\n- Mother: Asthma\nSymptoms\n- Persistent cough (Duration: 2 months, worsened over time)\n- Shortness of breath (Triggered by exertion, intermittent)\n- Fatigue (Chronic, affecting daily activities)\n- Chest pain (Mild, occasional, associated with coughing)\nVital Signs (At Admission)\nTemperature: 98.4°F (36.9°C)\nHeart Rate: 78 bpm\nBlood Pressure: 130/85 mmHg (Elevated)\nRespiratory Rate: 18 breaths/min\nOxygen Saturation (SpO2): 96%\nTest Results\nComplete Blood Count (CBC): Within normal limits (No signs of infection or anemia) Blood Pressure: 130/85 mmHg (Elevated)\nRespiratory Rate: 18 breaths/min\nOxygen Saturation (SpO2): 96%\nTest Results\nComplete Blood Count (CBC): Within normal limits (No signs of infection or anemia)\nChest X-Ray: Mild lung inflammation (Localized in the lower lobes)\nECG (Electrocardiogram): Normal sinus rhythm (No arrhythmias or ischemic changes)\nLipid Profile:\n- Total Cholesterol: 220 mg/dL (Elevated)\n- LDL: 145 mg/dL (Elevated)\n- HDL: 40 mg/dL (Low)\n- Triglycerides: 180 mg/dL (Borderline High)\nMedications\n- Aspirin 75 mg - Once daily (Antiplatelet therapy)\n- Lisinopril 10 mg - Once daily (ACE inhibitor for hypertension)\n- Atorvastatin 20 mg - Once daily (Lipid-lowering agent)\nLifestyle Factors\nSmoking Status: Active smoker (10 cigarettes/day for 20 years)\nAlcohol Consumption: Occasional (2-3 drinks/week)\nExercise: Minimal physical activity\nDiet: High in saturated fats, low in fiber\nPreliminary Diagnosis\n- Chronic Bronchitis (Related to smoking history and persistent cough) Exercise: Minimal physical activity\nDiet: High in saturated fats, low in fiber\nPreliminary Diagnosis\n- Chronic Bronchitis (Related to smoking history and persistent cough)\n- Hypertension (Partially controlled)\n- Dyslipidemia (Elevated cholesterol levels)', 'name': 'John Doe', 'age': '45', 'gender': 'Male', 'medical_history': 'Chronic Conditions:\n- Hypertension (Diagnosed: 2020)\n- Hyperlipidemia (Diagnosed: 2022)\nPast Surgeries:\n- Appendectomy (2015)\nAllergies:\n- Penicillin (Mild rash reaction)\nFamily Medical History:\n- Father: Hypertension, Diabetes\n- Mother: Asthma\nSymptoms\n- Persistent cough (Duration: 2 months, worsened over time)\n- Shortness of breath (Triggered by exertion, intermittent)\n- Fatigue (Chronic, affecting daily activities)\n- Chest pain (Mild, occasional, associated with coughing)\nVital Signs (At Admission)\nTemperature: 98.4°F (36.9°C)\nHeart Rate: 78 bpm\nBlood Pressure: 130/85 mmHg (Elevated)\nRespiratory Rate: 18 breaths/min\nOxygen Saturation (SpO2): 96%\nTest Results\nComplete Blood Count (CBC): Within normal limits (No signs of infection or anemia) Blood Pressure: 130/85 mmHg (Elevated)\nRespiratory Rate: 18 breaths/min\nOxygen Saturation (SpO2): 96%\nTest Results\nComplete Blood Count (CBC): Within normal limits (No signs of infection or anemia)\nChest X-Ray: Mild lung inflammation (Localized in the lower lobes)\nECG (Electrocardiogram): Normal sinus rhythm (No arrhythmias or ischemic changes)\nLipid Profile:\n- Total Cholesterol: 220 mg/dL (Elevated)\n- LDL: 145 mg/dL (Elevated)\n- HDL: 40 mg/dL (Low)\n- Triglycerides: 180 mg/dL (Borderline High)\nMedications\n- Aspirin 75 mg - Once daily (Antiplatelet therapy)\n- Lisinopril 10 mg - Once daily (ACE inhibitor for hypertension)\n- Atorvastatin 20 mg - Once daily (Lipid-lowering agent)\nLifestyle Factors\nSmoking Status: Active smoker (10 cigarettes/day for 20 years)\nAlcohol Consumption: Occasional (2-3 drinks/week)\nExercise: Minimal physical activity\nDiet: High in saturated fats, low in fiber\nPreliminary Diagnosis\n- Chronic Bronchitis (Related to smoking history and persistent cough) Exercise: Minimal physical activity\nDiet: High in saturated fats, low in fiber\nPreliminary Diagnosis\n- Chronic Bronchitis (Related to smoking history and persistent cough)\n- Hypertension (Partially controlled)\n- Dyslipidemia (Elevated cholesterol levels)', 'symptoms': ['Fatigue', 'Chest pain', 'Shortness of breath', 'Persistent cough'], 'vital_signs': {'heart_rate': '78', 'blood_pressure': '130/85', 'temperature': '98.4'}, 'test_results': {'- Total Cholesterol': '220 mg/dL', '- LDL': '145 mg/dL', '- HDL': '40 mg/dL', '- Triglycerides': '180 mg/dL'}, 'medications': [], 'preliminary_diagnosis': 'Chronic Bronchitis (Related to smoking history and persistent cough) Exercise: Minimal physical activity'}  # Use diagnosis to represent the patient's history
    Test Results: {'- Total Cholesterol': '220 mg/dL', '- LDL': '145 mg/dL', '- HDL': '40 mg/dL', '- Triglycerides': '180 mg/dL'}
    Predicted Diagnosis: Unknown Diagnosis
    
2025-10-09 11:31:52,129 - models.followup - ERROR - Cohere error: status_code: 404, body: {'id': '13edef8a-b5b5-43a9-a9f0-74a2992f1bd5', 'message': "model 'command' was removed on September 15, 2025. See https://docs.cohere.com/docs/models#command for a list of models you can use instead."}
2025-10-09 11:31:52,137 - __main__ - INFO - Report generated at: C:\Users\IMMERSIVE36\Downloads\medicalchatbot\medicalchatbot\reports\report_John_Doe.pdf
2025-10-09 11:32:43,844 - models.extract - INFO - Clinical NER model loaded successfully.
2025-10-09 11:32:52,045 - __main__ - INFO - Loading Hugging Face embedding model...
2025-10-09 11:36:35,519 - models.extract - INFO - Clinical NER model loaded successfully.
2025-10-09 11:36:40,928 - __main__ - INFO - Loading Hugging Face embedding model...
2025-10-09 12:25:56,721 - __main__ - INFO - Report generation requested
2025-10-09 12:26:11,148 - __main__ - INFO - File uploaded successfully: 1759992971_Formatted_Clinical_Report.docx
2025-10-09 12:26:15,820 - __main__ - INFO - Report generation requested
2025-10-09 12:26:15,820 - models.extract - INFO - Received report content:
Clinical Report
Patient Information
Patient Name: John Doe
Age: 45
Gender: Male
Medical Record Number: MRN-2025-0001
Date of Admission: 2025-03-27
Primary Physician: Dr. Smith
Emergency Contact: Jane Doe (Spouse) - +1-234-567-8901
Medical History
Chronic Conditions:
- Hypertension (Diagnosed: 2020)
- Hyperlipidemia (Diagnosed: 2022)
Past Surgeries:
- Appendectomy (2015)
Allergies:
- Penicillin (Mild rash reaction)
Family Medical History:
- Father: Hypertension, Diabetes
- Mother: Asthma
Symptoms
- Persistent cough (Duration: 2 months, worsened over time)
- Shortness of breath (Triggered by exertion, intermittent)
- Fatigue (Chronic, affecting daily activities)
- Chest pain (Mild, occasional, associated with coughing)
Vital Signs (At Admission)
Temperature: 98.4°F (36.9°C)
Heart Rate: 78 bpm
Blood Pressure: 130/85 mmHg (Elevated)
Respiratory Rate: 18 breaths/min
Oxygen Saturation (SpO2): 96%
Test Results
Complete Blood Count (CBC): Within normal limits (No signs of infection or anemia) Blood Pressure: 130/85 mmHg (Elevated)
Respiratory Rate: 18 breaths/min
Oxygen Saturation (SpO2): 96%
Test Results
Complete Blood Count (CBC): Within normal limits (No signs of infection or anemia)
Chest X-Ray: Mild lung inflammation (Localized in the lower lobes)
ECG (Electrocardiogram): Normal sinus rhythm (No arrhythmias or ischemic changes)
Lipid Profile:
- Total Cholesterol: 220 mg/dL (Elevated)
- LDL: 145 mg/dL (Elevated)
- HDL: 40 mg/dL (Low)
- Triglycerides: 180 mg/dL (Borderline High)
Medications
- Aspirin 75 mg - Once daily (Antiplatelet therapy)
- Lisinopril 10 mg - Once daily (ACE inhibitor for hypertension)
- Atorvastatin 20 mg - Once daily (Lipid-lowering agent)
Lifestyle Factors
Smoking Status: Active smoker (10 cigarettes/day for 20 years)
Alcohol Consumption: Occasional (2-3 drinks/week)
Exercise: Minimal physical activity
Diet: High in saturated fats, low in fiber
Preliminary Diagnosis
- Chronic Bronchitis (Related to smoking history and persistent cough) Exercise: Minimal physical activity
Diet: High in saturated fats, low in fiber
Preliminary Diagnosis
- Chronic Bronchitis (Related to smoking history and persistent cough)
- Hypertension (Partially controlled)
- Dyslipidemia (Elevated cholesterol levels)
2025-10-09 12:26:17,123 - models.extract - INFO - Final Extracted Data:
{
    "full_report": "Clinical Report\nPatient Information\nPatient Name: John Doe\nAge: 45\nGender: Male\nMedical Record Number: MRN-2025-0001\nDate of Admission: 2025-03-27\nPrimary Physician: Dr. Smith\nEmergency Contact: Jane Doe (Spouse) - +1-234-567-8901\nMedical History\nChronic Conditions:\n- Hypertension (Diagnosed: 2020)\n- Hyperlipidemia (Diagnosed: 2022)\nPast Surgeries:\n- Appendectomy (2015)\nAllergies:\n- Penicillin (Mild rash reaction)\nFamily Medical History:\n- Father: Hypertension, Diabetes\n- Mother: Asthma\nSymptoms\n- Persistent cough (Duration: 2 months, worsened over time)\n- Shortness of breath (Triggered by exertion, intermittent)\n- Fatigue (Chronic, affecting daily activities)\n- Chest pain (Mild, occasional, associated with coughing)\nVital Signs (At Admission)\nTemperature: 98.4\u00b0F (36.9\u00b0C)\nHeart Rate: 78 bpm\nBlood Pressure: 130/85 mmHg (Elevated)\nRespiratory Rate: 18 breaths/min\nOxygen Saturation (SpO2): 96%\nTest Results\nComplete Blood Count (CBC): Within normal limits (No signs of infection or anemia) Blood Pressure: 130/85 mmHg (Elevated)\nRespiratory Rate: 18 breaths/min\nOxygen Saturation (SpO2): 96%\nTest Results\nComplete Blood Count (CBC): Within normal limits (No signs of infection or anemia)\nChest X-Ray: Mild lung inflammation (Localized in the lower lobes)\nECG (Electrocardiogram): Normal sinus rhythm (No arrhythmias or ischemic changes)\nLipid Profile:\n- Total Cholesterol: 220 mg/dL (Elevated)\n- LDL: 145 mg/dL (Elevated)\n- HDL: 40 mg/dL (Low)\n- Triglycerides: 180 mg/dL (Borderline High)\nMedications\n- Aspirin 75 mg - Once daily (Antiplatelet therapy)\n- Lisinopril 10 mg - Once daily (ACE inhibitor for hypertension)\n- Atorvastatin 20 mg - Once daily (Lipid-lowering agent)\nLifestyle Factors\nSmoking Status: Active smoker (10 cigarettes/day for 20 years)\nAlcohol Consumption: Occasional (2-3 drinks/week)\nExercise: Minimal physical activity\nDiet: High in saturated fats, low in fiber\nPreliminary Diagnosis\n- Chronic Bronchitis (Related to smoking history and persistent cough) Exercise: Minimal physical activity\nDiet: High in saturated fats, low in fiber\nPreliminary Diagnosis\n- Chronic Bronchitis (Related to smoking history and persistent cough)\n- Hypertension (Partially controlled)\n- Dyslipidemia (Elevated cholesterol levels)",
    "name": "John Doe\nAge",
    "age": "45",
    "gender": "Male",
    "medical_history": "Chronic Conditions:\n- Hypertension (Diagnosed: 2020)\n- Hyperlipidemia (Diagnosed: 2022)\nPast Surgeries:\n- Appendectomy (2015)\nAllergies:\n- Penicillin (Mild rash reaction)\nFamily Medical History:\n- Father: Hypertension, Diabetes\n- Mother: Asthma\nSymptoms\n- Persistent cough (Duration: 2 months, worsened over time)\n- Shortness of breath (Triggered by exertion, intermittent)\n- Fatigue (Chronic, affecting daily activities)\n- Chest pain (Mild, occasional, associated with coughing)\nVital Signs (At Admission)\nTemperature: 98.4\u00b0F (36.9\u00b0C)\nHeart Rate: 78 bpm\nBlood Pressure: 130/85 mmHg (Elevated)\nRespiratory Rate: 18 breaths/min\nOxygen Saturation (SpO2): 96%\nTest Results\nComplete Blood Count (CBC): Within normal limits (No signs of infection or anemia) Blood Pressure: 130/85 mmHg (Elevated)\nRespiratory Rate: 18 breaths/min\nOxygen Saturation (SpO2): 96%\nTest Results\nComplete Blood Count (CBC): Within normal limits (No signs of infection or anemia)\nChest X-Ray: Mild lung inflammation (Localized in the lower lobes)\nECG (Electrocardiogram): Normal sinus rhythm (No arrhythmias or ischemic changes)\nLipid Profile:\n- Total Cholesterol: 220 mg/dL (Elevated)\n- LDL: 145 mg/dL (Elevated)\n- HDL: 40 mg/dL (Low)\n- Triglycerides: 180 mg/dL (Borderline High)\nMedications\n- Aspirin 75 mg - Once daily (Antiplatelet therapy)\n- Lisinopril 10 mg - Once daily (ACE inhibitor for hypertension)\n- Atorvastatin 20 mg - Once daily (Lipid-lowering agent)\nLifestyle Factors\nSmoking Status: Active smoker (10 cigarettes/day for 20 years)\nAlcohol Consumption: Occasional (2-3 drinks/week)\nExercise: Minimal physical activity\nDiet: High in saturated fats, low in fiber\nPreliminary Diagnosis\n- Chronic Bronchitis (Related to smoking history and persistent cough) Exercise: Minimal physical activity\nDiet: High in saturated fats, low in fiber\nPreliminary Diagnosis\n- Chronic Bronchitis (Related to smoking history and persistent cough)\n- Hypertension (Partially controlled)\n- Dyslipidemia (Elevated cholesterol levels)",
    "symptoms": [
        "Shortness of breath",
        "Persistent cough",
        "Chest pain",
        "Fatigue"
    ],
    "vital_signs": {
        "heart_rate": "78",
        "blood_pressure": "130/85",
        "temperature": "98.4"
    },
    "test_results": {
        "- Total Cholesterol": "220 mg/dL",
        "- LDL": "145 mg/dL",
        "- HDL": "40 mg/dL",
        "- Triglycerides": "180 mg/dL"
    },
    "medications": [],
    "preliminary_diagnosis": "Chronic Bronchitis (Related to smoking history and persistent cough) Exercise: Minimal physical activity"
}
2025-10-09 12:26:17,125 - models.extract - INFO - Received report content:
Clinical Report
Patient Information
Patient Name: John Doe
Age: 45
Gender: Male
Medical Record Number: MRN-2025-0001
Date of Admission: 2025-03-27
Primary Physician: Dr. Smith
Emergency Contact: Jane Doe (Spouse) - +1-234-567-8901
Medical History
Chronic Conditions:
- Hypertension (Diagnosed: 2020)
- Hyperlipidemia (Diagnosed: 2022)
Past Surgeries:
- Appendectomy (2015)
Allergies:
- Penicillin (Mild rash reaction)
Family Medical History:
- Father: Hypertension, Diabetes
- Mother: Asthma
Symptoms
- Persistent cough (Duration: 2 months, worsened over time)
- Shortness of breath (Triggered by exertion, intermittent)
- Fatigue (Chronic, affecting daily activities)
- Chest pain (Mild, occasional, associated with coughing)
Vital Signs (At Admission)
Temperature: 98.4°F (36.9°C)
Heart Rate: 78 bpm
Blood Pressure: 130/85 mmHg (Elevated)
Respiratory Rate: 18 breaths/min
Oxygen Saturation (SpO2): 96%
Test Results
Complete Blood Count (CBC): Within normal limits (No signs of infection or anemia) Blood Pressure: 130/85 mmHg (Elevated)
Respiratory Rate: 18 breaths/min
Oxygen Saturation (SpO2): 96%
Test Results
Complete Blood Count (CBC): Within normal limits (No signs of infection or anemia)
Chest X-Ray: Mild lung inflammation (Localized in the lower lobes)
ECG (Electrocardiogram): Normal sinus rhythm (No arrhythmias or ischemic changes)
Lipid Profile:
- Total Cholesterol: 220 mg/dL (Elevated)
- LDL: 145 mg/dL (Elevated)
- HDL: 40 mg/dL (Low)
- Triglycerides: 180 mg/dL (Borderline High)
Medications
- Aspirin 75 mg - Once daily (Antiplatelet therapy)
- Lisinopril 10 mg - Once daily (ACE inhibitor for hypertension)
- Atorvastatin 20 mg - Once daily (Lipid-lowering agent)
Lifestyle Factors
Smoking Status: Active smoker (10 cigarettes/day for 20 years)
Alcohol Consumption: Occasional (2-3 drinks/week)
Exercise: Minimal physical activity
Diet: High in saturated fats, low in fiber
Preliminary Diagnosis
- Chronic Bronchitis (Related to smoking history and persistent cough) Exercise: Minimal physical activity
Diet: High in saturated fats, low in fiber
Preliminary Diagnosis
- Chronic Bronchitis (Related to smoking history and persistent cough)
- Hypertension (Partially controlled)
- Dyslipidemia (Elevated cholesterol levels)
2025-10-09 12:26:18,437 - models.extract - INFO - Final Extracted Data:
{
    "full_report": "Clinical Report\nPatient Information\nPatient Name: John Doe\nAge: 45\nGender: Male\nMedical Record Number: MRN-2025-0001\nDate of Admission: 2025-03-27\nPrimary Physician: Dr. Smith\nEmergency Contact: Jane Doe (Spouse) - +1-234-567-8901\nMedical History\nChronic Conditions:\n- Hypertension (Diagnosed: 2020)\n- Hyperlipidemia (Diagnosed: 2022)\nPast Surgeries:\n- Appendectomy (2015)\nAllergies:\n- Penicillin (Mild rash reaction)\nFamily Medical History:\n- Father: Hypertension, Diabetes\n- Mother: Asthma\nSymptoms\n- Persistent cough (Duration: 2 months, worsened over time)\n- Shortness of breath (Triggered by exertion, intermittent)\n- Fatigue (Chronic, affecting daily activities)\n- Chest pain (Mild, occasional, associated with coughing)\nVital Signs (At Admission)\nTemperature: 98.4\u00b0F (36.9\u00b0C)\nHeart Rate: 78 bpm\nBlood Pressure: 130/85 mmHg (Elevated)\nRespiratory Rate: 18 breaths/min\nOxygen Saturation (SpO2): 96%\nTest Results\nComplete Blood Count (CBC): Within normal limits (No signs of infection or anemia) Blood Pressure: 130/85 mmHg (Elevated)\nRespiratory Rate: 18 breaths/min\nOxygen Saturation (SpO2): 96%\nTest Results\nComplete Blood Count (CBC): Within normal limits (No signs of infection or anemia)\nChest X-Ray: Mild lung inflammation (Localized in the lower lobes)\nECG (Electrocardiogram): Normal sinus rhythm (No arrhythmias or ischemic changes)\nLipid Profile:\n- Total Cholesterol: 220 mg/dL (Elevated)\n- LDL: 145 mg/dL (Elevated)\n- HDL: 40 mg/dL (Low)\n- Triglycerides: 180 mg/dL (Borderline High)\nMedications\n- Aspirin 75 mg - Once daily (Antiplatelet therapy)\n- Lisinopril 10 mg - Once daily (ACE inhibitor for hypertension)\n- Atorvastatin 20 mg - Once daily (Lipid-lowering agent)\nLifestyle Factors\nSmoking Status: Active smoker (10 cigarettes/day for 20 years)\nAlcohol Consumption: Occasional (2-3 drinks/week)\nExercise: Minimal physical activity\nDiet: High in saturated fats, low in fiber\nPreliminary Diagnosis\n- Chronic Bronchitis (Related to smoking history and persistent cough) Exercise: Minimal physical activity\nDiet: High in saturated fats, low in fiber\nPreliminary Diagnosis\n- Chronic Bronchitis (Related to smoking history and persistent cough)\n- Hypertension (Partially controlled)\n- Dyslipidemia (Elevated cholesterol levels)",
    "name": "John Doe\nAge",
    "age": "45",
    "gender": "Male",
    "medical_history": "Chronic Conditions:\n- Hypertension (Diagnosed: 2020)\n- Hyperlipidemia (Diagnosed: 2022)\nPast Surgeries:\n- Appendectomy (2015)\nAllergies:\n- Penicillin (Mild rash reaction)\nFamily Medical History:\n- Father: Hypertension, Diabetes\n- Mother: Asthma\nSymptoms\n- Persistent cough (Duration: 2 months, worsened over time)\n- Shortness of breath (Triggered by exertion, intermittent)\n- Fatigue (Chronic, affecting daily activities)\n- Chest pain (Mild, occasional, associated with coughing)\nVital Signs (At Admission)\nTemperature: 98.4\u00b0F (36.9\u00b0C)\nHeart Rate: 78 bpm\nBlood Pressure: 130/85 mmHg (Elevated)\nRespiratory Rate: 18 breaths/min\nOxygen Saturation (SpO2): 96%\nTest Results\nComplete Blood Count (CBC): Within normal limits (No signs of infection or anemia) Blood Pressure: 130/85 mmHg (Elevated)\nRespiratory Rate: 18 breaths/min\nOxygen Saturation (SpO2): 96%\nTest Results\nComplete Blood Count (CBC): Within normal limits (No signs of infection or anemia)\nChest X-Ray: Mild lung inflammation (Localized in the lower lobes)\nECG (Electrocardiogram): Normal sinus rhythm (No arrhythmias or ischemic changes)\nLipid Profile:\n- Total Cholesterol: 220 mg/dL (Elevated)\n- LDL: 145 mg/dL (Elevated)\n- HDL: 40 mg/dL (Low)\n- Triglycerides: 180 mg/dL (Borderline High)\nMedications\n- Aspirin 75 mg - Once daily (Antiplatelet therapy)\n- Lisinopril 10 mg - Once daily (ACE inhibitor for hypertension)\n- Atorvastatin 20 mg - Once daily (Lipid-lowering agent)\nLifestyle Factors\nSmoking Status: Active smoker (10 cigarettes/day for 20 years)\nAlcohol Consumption: Occasional (2-3 drinks/week)\nExercise: Minimal physical activity\nDiet: High in saturated fats, low in fiber\nPreliminary Diagnosis\n- Chronic Bronchitis (Related to smoking history and persistent cough) Exercise: Minimal physical activity\nDiet: High in saturated fats, low in fiber\nPreliminary Diagnosis\n- Chronic Bronchitis (Related to smoking history and persistent cough)\n- Hypertension (Partially controlled)\n- Dyslipidemia (Elevated cholesterol levels)",
    "symptoms": [
        "Shortness of breath",
        "Persistent cough",
        "Chest pain",
        "Fatigue"
    ],
    "vital_signs": {
        "heart_rate": "78",
        "blood_pressure": "130/85",
        "temperature": "98.4"
    },
    "test_results": {
        "- Total Cholesterol": "220 mg/dL",
        "- LDL": "145 mg/dL",
        "- HDL": "40 mg/dL",
        "- Triglycerides": "180 mg/dL"
    },
    "medications": [],
    "preliminary_diagnosis": "Chronic Bronchitis (Related to smoking history and persistent cough) Exercise: Minimal physical activity"
}
2025-10-09 12:26:18,438 - models.diagnosis - INFO - Symptoms: Shortness of breath, Persistent cough, Chest pain, Fatigue
2025-10-09 12:26:18,439 - models.diagnosis - INFO - Vitals: heart_rate: 78, blood_pressure: 130/85, temperature: 98.4
2025-10-09 12:26:18,439 - models.diagnosis - INFO - Tests: - Total Cholesterol: 220 mg/dL, - LDL: 145 mg/dL, - HDL: 40 mg/dL, - Triglycerides: 180 mg/dL
2025-10-09 12:26:18,439 - models.diagnosis - INFO - Preliminary Diagnosis: Chronic Bronchitis (Related to smoking history and persistent cough) Exercise: Minimal physical activity
2025-10-09 12:26:19,149 - models.diagnosis - ERROR - Cohere failed to generate diagnosis: status_code: 404, body: {'id': 'c783fe6d-4e6e-4bde-b511-1ee68bbcc168', 'message': "model 'command-r-plus' was removed on September 15, 2025. See https://docs.cohere.com/docs/models#command for a list of models you can use instead."}
2025-10-09 12:26:27,834 - models.followup - INFO - Processing diagnosis...
2025-10-09 12:26:27,835 - models.followup - ERROR - Error processing diagnosis: diagnose() takes 1 positional argument but 3 were given
2025-10-09 12:26:27,835 - models.followup - INFO - Patient Data: 
    Symptoms: ['Shortness of breath', 'Persistent cough', 'Chest pain', 'Fatigue']
    Medical History: {'full_report': 'Clinical Report\nPatient Information\nPatient Name: John Doe\nAge: 45\nGender: Male\nMedical Record Number: MRN-2025-0001\nDate of Admission: 2025-03-27\nPrimary Physician: Dr. Smith\nEmergency Contact: Jane Doe (Spouse) - +1-234-567-8901\nMedical History\nChronic Conditions:\n- Hypertension (Diagnosed: 2020)\n- Hyperlipidemia (Diagnosed: 2022)\nPast Surgeries:\n- Appendectomy (2015)\nAllergies:\n- Penicillin (Mild rash reaction)\nFamily Medical History:\n- Father: Hypertension, Diabetes\n- Mother: Asthma\nSymptoms\n- Persistent cough (Duration: 2 months, worsened over time)\n- Shortness of breath (Triggered by exertion, intermittent)\n- Fatigue (Chronic, affecting daily activities)\n- Chest pain (Mild, occasional, associated with coughing)\nVital Signs (At Admission)\nTemperature: 98.4°F (36.9°C)\nHeart Rate: 78 bpm\nBlood Pressure: 130/85 mmHg (Elevated)\nRespiratory Rate: 18 breaths/min\nOxygen Saturation (SpO2): 96%\nTest Results\nComplete Blood Count (CBC): Within normal limits (No signs of infection or anemia) Blood Pressure: 130/85 mmHg (Elevated)\nRespiratory Rate: 18 breaths/min\nOxygen Saturation (SpO2): 96%\nTest Results\nComplete Blood Count (CBC): Within normal limits (No signs of infection or anemia)\nChest X-Ray: Mild lung inflammation (Localized in the lower lobes)\nECG (Electrocardiogram): Normal sinus rhythm (No arrhythmias or ischemic changes)\nLipid Profile:\n- Total Cholesterol: 220 mg/dL (Elevated)\n- LDL: 145 mg/dL (Elevated)\n- HDL: 40 mg/dL (Low)\n- Triglycerides: 180 mg/dL (Borderline High)\nMedications\n- Aspirin 75 mg - Once daily (Antiplatelet therapy)\n- Lisinopril 10 mg - Once daily (ACE inhibitor for hypertension)\n- Atorvastatin 20 mg - Once daily (Lipid-lowering agent)\nLifestyle Factors\nSmoking Status: Active smoker (10 cigarettes/day for 20 years)\nAlcohol Consumption: Occasional (2-3 drinks/week)\nExercise: Minimal physical activity\nDiet: High in saturated fats, low in fiber\nPreliminary Diagnosis\n- Chronic Bronchitis (Related to smoking history and persistent cough) Exercise: Minimal physical activity\nDiet: High in saturated fats, low in fiber\nPreliminary Diagnosis\n- Chronic Bronchitis (Related to smoking history and persistent cough)\n- Hypertension (Partially controlled)\n- Dyslipidemia (Elevated cholesterol levels)', 'name': 'John Doe', 'age': '45', 'gender': 'Male', 'medical_history': 'Chronic Conditions:\n- Hypertension (Diagnosed: 2020)\n- Hyperlipidemia (Diagnosed: 2022)\nPast Surgeries:\n- Appendectomy (2015)\nAllergies:\n- Penicillin (Mild rash reaction)\nFamily Medical History:\n- Father: Hypertension, Diabetes\n- Mother: Asthma\nSymptoms\n- Persistent cough (Duration: 2 months, worsened over time)\n- Shortness of breath (Triggered by exertion, intermittent)\n- Fatigue (Chronic, affecting daily activities)\n- Chest pain (Mild, occasional, associated with coughing)\nVital Signs (At Admission)\nTemperature: 98.4°F (36.9°C)\nHeart Rate: 78 bpm\nBlood Pressure: 130/85 mmHg (Elevated)\nRespiratory Rate: 18 breaths/min\nOxygen Saturation (SpO2): 96%\nTest Results\nComplete Blood Count (CBC): Within normal limits (No signs of infection or anemia) Blood Pressure: 130/85 mmHg (Elevated)\nRespiratory Rate: 18 breaths/min\nOxygen Saturation (SpO2): 96%\nTest Results\nComplete Blood Count (CBC): Within normal limits (No signs of infection or anemia)\nChest X-Ray: Mild lung inflammation (Localized in the lower lobes)\nECG (Electrocardiogram): Normal sinus rhythm (No arrhythmias or ischemic changes)\nLipid Profile:\n- Total Cholesterol: 220 mg/dL (Elevated)\n- LDL: 145 mg/dL (Elevated)\n- HDL: 40 mg/dL (Low)\n- Triglycerides: 180 mg/dL (Borderline High)\nMedications\n- Aspirin 75 mg - Once daily (Antiplatelet therapy)\n- Lisinopril 10 mg - Once daily (ACE inhibitor for hypertension)\n- Atorvastatin 20 mg - Once daily (Lipid-lowering agent)\nLifestyle Factors\nSmoking Status: Active smoker (10 cigarettes/day for 20 years)\nAlcohol Consumption: Occasional (2-3 drinks/week)\nExercise: Minimal physical activity\nDiet: High in saturated fats, low in fiber\nPreliminary Diagnosis\n- Chronic Bronchitis (Related to smoking history and persistent cough) Exercise: Minimal physical activity\nDiet: High in saturated fats, low in fiber\nPreliminary Diagnosis\n- Chronic Bronchitis (Related to smoking history and persistent cough)\n- Hypertension (Partially controlled)\n- Dyslipidemia (Elevated cholesterol levels)', 'symptoms': ['Shortness of breath', 'Persistent cough', 'Chest pain', 'Fatigue'], 'vital_signs': {'heart_rate': '78', 'blood_pressure': '130/85', 'temperature': '98.4'}, 'test_results': {'- Total Cholesterol': '220 mg/dL', '- LDL': '145 mg/dL', '- HDL': '40 mg/dL', '- Triglycerides': '180 mg/dL'}, 'medications': [], 'preliminary_diagnosis': 'Chronic Bronchitis (Related to smoking history and persistent cough) Exercise: Minimal physical activity'}  # Use diagnosis to represent the patient's history
    Test Results: {'- Total Cholesterol': '220 mg/dL', '- LDL': '145 mg/dL', '- HDL': '40 mg/dL', '- Triglycerides': '180 mg/dL'}
    Predicted Diagnosis: General condition
    
2025-10-09 12:26:28,454 - models.followup - ERROR - Cohere error: status_code: 404, body: {'id': 'baff77c9-892d-4bd5-b9bd-6fa9a44e8ec9', 'message': "model 'command' was removed on September 15, 2025. See https://docs.cohere.com/docs/models#command for a list of models you can use instead."}
2025-10-09 12:26:28,457 - __main__ - ERROR - PDF generation failed: 'latin-1' codec can't encode character '\U0001f7e2' in position 602: ordinal not in range(256)
2025-10-09 14:53:38,609 - models.extract - INFO - Clinical NER model loaded successfully.
2025-10-09 14:53:47,861 - __main__ - INFO - Loading Hugging Face embedding model...
2025-10-09 14:56:36,686 - __main__ - INFO - File uploaded successfully: 1760001996_Formatted_Clinical_Report.docx
2025-10-09 14:56:39,618 - __main__ - INFO - Report generation requested
2025-10-09 14:56:39,618 - models.extract - INFO - Received report content:
Clinical Report
Patient Information
Patient Name: John Doe
Age: 45
Gender: Male
Medical Record Number: MRN-2025-0001
Date of Admission: 2025-03-27
Primary Physician: Dr. Smith
Emergency Contact: Jane Doe (Spouse) - +1-234-567-8901
Medical History
Chronic Conditions:
- Hypertension (Diagnosed: 2020)
- Hyperlipidemia (Diagnosed: 2022)
Past Surgeries:
- Appendectomy (2015)
Allergies:
- Penicillin (Mild rash reaction)
Family Medical History:
- Father: Hypertension, Diabetes
- Mother: Asthma
Symptoms
- Persistent cough (Duration: 2 months, worsened over time)
- Shortness of breath (Triggered by exertion, intermittent)
- Fatigue (Chronic, affecting daily activities)
- Chest pain (Mild, occasional, associated with coughing)
Vital Signs (At Admission)
Temperature: 98.4°F (36.9°C)
Heart Rate: 78 bpm
Blood Pressure: 130/85 mmHg (Elevated)
Respiratory Rate: 18 breaths/min
Oxygen Saturation (SpO2): 96%
Test Results
Complete Blood Count (CBC): Within normal limits (No signs of infection or anemia) Blood Pressure: 130/85 mmHg (Elevated)
Respiratory Rate: 18 breaths/min
Oxygen Saturation (SpO2): 96%
Test Results
Complete Blood Count (CBC): Within normal limits (No signs of infection or anemia)
Chest X-Ray: Mild lung inflammation (Localized in the lower lobes)
ECG (Electrocardiogram): Normal sinus rhythm (No arrhythmias or ischemic changes)
Lipid Profile:
- Total Cholesterol: 220 mg/dL (Elevated)
- LDL: 145 mg/dL (Elevated)
- HDL: 40 mg/dL (Low)
- Triglycerides: 180 mg/dL (Borderline High)
Medications
- Aspirin 75 mg - Once daily (Antiplatelet therapy)
- Lisinopril 10 mg - Once daily (ACE inhibitor for hypertension)
- Atorvastatin 20 mg - Once daily (Lipid-lowering agent)
Lifestyle Factors
Smoking Status: Active smoker (10 cigarettes/day for 20 years)
Alcohol Consumption: Occasional (2-3 drinks/week)
Exercise: Minimal physical activity
Diet: High in saturated fats, low in fiber
Preliminary Diagnosis
- Chronic Bronchitis (Related to smoking history and persistent cough) Exercise: Minimal physical activity
Diet: High in saturated fats, low in fiber
Preliminary Diagnosis
- Chronic Bronchitis (Related to smoking history and persistent cough)
- Hypertension (Partially controlled)
- Dyslipidemia (Elevated cholesterol levels)
2025-10-09 14:56:41,057 - models.extract - INFO - Final Extracted Data:
{
    "full_report": "Clinical Report\nPatient Information\nPatient Name: John Doe\nAge: 45\nGender: Male\nMedical Record Number: MRN-2025-0001\nDate of Admission: 2025-03-27\nPrimary Physician: Dr. Smith\nEmergency Contact: Jane Doe (Spouse) - +1-234-567-8901\nMedical History\nChronic Conditions:\n- Hypertension (Diagnosed: 2020)\n- Hyperlipidemia (Diagnosed: 2022)\nPast Surgeries:\n- Appendectomy (2015)\nAllergies:\n- Penicillin (Mild rash reaction)\nFamily Medical History:\n- Father: Hypertension, Diabetes\n- Mother: Asthma\nSymptoms\n- Persistent cough (Duration: 2 months, worsened over time)\n- Shortness of breath (Triggered by exertion, intermittent)\n- Fatigue (Chronic, affecting daily activities)\n- Chest pain (Mild, occasional, associated with coughing)\nVital Signs (At Admission)\nTemperature: 98.4\u00b0F (36.9\u00b0C)\nHeart Rate: 78 bpm\nBlood Pressure: 130/85 mmHg (Elevated)\nRespiratory Rate: 18 breaths/min\nOxygen Saturation (SpO2): 96%\nTest Results\nComplete Blood Count (CBC): Within normal limits (No signs of infection or anemia) Blood Pressure: 130/85 mmHg (Elevated)\nRespiratory Rate: 18 breaths/min\nOxygen Saturation (SpO2): 96%\nTest Results\nComplete Blood Count (CBC): Within normal limits (No signs of infection or anemia)\nChest X-Ray: Mild lung inflammation (Localized in the lower lobes)\nECG (Electrocardiogram): Normal sinus rhythm (No arrhythmias or ischemic changes)\nLipid Profile:\n- Total Cholesterol: 220 mg/dL (Elevated)\n- LDL: 145 mg/dL (Elevated)\n- HDL: 40 mg/dL (Low)\n- Triglycerides: 180 mg/dL (Borderline High)\nMedications\n- Aspirin 75 mg - Once daily (Antiplatelet therapy)\n- Lisinopril 10 mg - Once daily (ACE inhibitor for hypertension)\n- Atorvastatin 20 mg - Once daily (Lipid-lowering agent)\nLifestyle Factors\nSmoking Status: Active smoker (10 cigarettes/day for 20 years)\nAlcohol Consumption: Occasional (2-3 drinks/week)\nExercise: Minimal physical activity\nDiet: High in saturated fats, low in fiber\nPreliminary Diagnosis\n- Chronic Bronchitis (Related to smoking history and persistent cough) Exercise: Minimal physical activity\nDiet: High in saturated fats, low in fiber\nPreliminary Diagnosis\n- Chronic Bronchitis (Related to smoking history and persistent cough)\n- Hypertension (Partially controlled)\n- Dyslipidemia (Elevated cholesterol levels)",
    "name": "John Doe\nAge",
    "age": "45",
    "gender": "Male",
    "medical_history": "Chronic Conditions:\n- Hypertension (Diagnosed: 2020)\n- Hyperlipidemia (Diagnosed: 2022)\nPast Surgeries:\n- Appendectomy (2015)\nAllergies:\n- Penicillin (Mild rash reaction)\nFamily Medical History:\n- Father: Hypertension, Diabetes\n- Mother: Asthma\nSymptoms\n- Persistent cough (Duration: 2 months, worsened over time)\n- Shortness of breath (Triggered by exertion, intermittent)\n- Fatigue (Chronic, affecting daily activities)\n- Chest pain (Mild, occasional, associated with coughing)\nVital Signs (At Admission)\nTemperature: 98.4\u00b0F (36.9\u00b0C)\nHeart Rate: 78 bpm\nBlood Pressure: 130/85 mmHg (Elevated)\nRespiratory Rate: 18 breaths/min\nOxygen Saturation (SpO2): 96%\nTest Results\nComplete Blood Count (CBC): Within normal limits (No signs of infection or anemia) Blood Pressure: 130/85 mmHg (Elevated)\nRespiratory Rate: 18 breaths/min\nOxygen Saturation (SpO2): 96%\nTest Results\nComplete Blood Count (CBC): Within normal limits (No signs of infection or anemia)\nChest X-Ray: Mild lung inflammation (Localized in the lower lobes)\nECG (Electrocardiogram): Normal sinus rhythm (No arrhythmias or ischemic changes)\nLipid Profile:\n- Total Cholesterol: 220 mg/dL (Elevated)\n- LDL: 145 mg/dL (Elevated)\n- HDL: 40 mg/dL (Low)\n- Triglycerides: 180 mg/dL (Borderline High)\nMedications\n- Aspirin 75 mg - Once daily (Antiplatelet therapy)\n- Lisinopril 10 mg - Once daily (ACE inhibitor for hypertension)\n- Atorvastatin 20 mg - Once daily (Lipid-lowering agent)\nLifestyle Factors\nSmoking Status: Active smoker (10 cigarettes/day for 20 years)\nAlcohol Consumption: Occasional (2-3 drinks/week)\nExercise: Minimal physical activity\nDiet: High in saturated fats, low in fiber\nPreliminary Diagnosis\n- Chronic Bronchitis (Related to smoking history and persistent cough) Exercise: Minimal physical activity\nDiet: High in saturated fats, low in fiber\nPreliminary Diagnosis\n- Chronic Bronchitis (Related to smoking history and persistent cough)\n- Hypertension (Partially controlled)\n- Dyslipidemia (Elevated cholesterol levels)",
    "symptoms": [
        "Chest pain",
        "Fatigue",
        "Persistent cough",
        "Shortness of breath"
    ],
    "vital_signs": {
        "heart_rate": "78",
        "blood_pressure": "130/85",
        "temperature": "98.4"
    },
    "test_results": {
        "- Total Cholesterol": "220 mg/dL",
        "- LDL": "145 mg/dL",
        "- HDL": "40 mg/dL",
        "- Triglycerides": "180 mg/dL"
    },
    "medications": [],
    "preliminary_diagnosis": "Chronic Bronchitis (Related to smoking history and persistent cough) Exercise: Minimal physical activity"
}
2025-10-09 14:56:41,060 - models.extract - INFO - Received report content:
Clinical Report
Patient Information
Patient Name: John Doe
Age: 45
Gender: Male
Medical Record Number: MRN-2025-0001
Date of Admission: 2025-03-27
Primary Physician: Dr. Smith
Emergency Contact: Jane Doe (Spouse) - +1-234-567-8901
Medical History
Chronic Conditions:
- Hypertension (Diagnosed: 2020)
- Hyperlipidemia (Diagnosed: 2022)
Past Surgeries:
- Appendectomy (2015)
Allergies:
- Penicillin (Mild rash reaction)
Family Medical History:
- Father: Hypertension, Diabetes
- Mother: Asthma
Symptoms
- Persistent cough (Duration: 2 months, worsened over time)
- Shortness of breath (Triggered by exertion, intermittent)
- Fatigue (Chronic, affecting daily activities)
- Chest pain (Mild, occasional, associated with coughing)
Vital Signs (At Admission)
Temperature: 98.4°F (36.9°C)
Heart Rate: 78 bpm
Blood Pressure: 130/85 mmHg (Elevated)
Respiratory Rate: 18 breaths/min
Oxygen Saturation (SpO2): 96%
Test Results
Complete Blood Count (CBC): Within normal limits (No signs of infection or anemia) Blood Pressure: 130/85 mmHg (Elevated)
Respiratory Rate: 18 breaths/min
Oxygen Saturation (SpO2): 96%
Test Results
Complete Blood Count (CBC): Within normal limits (No signs of infection or anemia)
Chest X-Ray: Mild lung inflammation (Localized in the lower lobes)
ECG (Electrocardiogram): Normal sinus rhythm (No arrhythmias or ischemic changes)
Lipid Profile:
- Total Cholesterol: 220 mg/dL (Elevated)
- LDL: 145 mg/dL (Elevated)
- HDL: 40 mg/dL (Low)
- Triglycerides: 180 mg/dL (Borderline High)
Medications
- Aspirin 75 mg - Once daily (Antiplatelet therapy)
- Lisinopril 10 mg - Once daily (ACE inhibitor for hypertension)
- Atorvastatin 20 mg - Once daily (Lipid-lowering agent)
Lifestyle Factors
Smoking Status: Active smoker (10 cigarettes/day for 20 years)
Alcohol Consumption: Occasional (2-3 drinks/week)
Exercise: Minimal physical activity
Diet: High in saturated fats, low in fiber
Preliminary Diagnosis
- Chronic Bronchitis (Related to smoking history and persistent cough) Exercise: Minimal physical activity
Diet: High in saturated fats, low in fiber
Preliminary Diagnosis
- Chronic Bronchitis (Related to smoking history and persistent cough)
- Hypertension (Partially controlled)
- Dyslipidemia (Elevated cholesterol levels)
2025-10-09 14:56:42,512 - models.extract - INFO - Final Extracted Data:
{
    "full_report": "Clinical Report\nPatient Information\nPatient Name: John Doe\nAge: 45\nGender: Male\nMedical Record Number: MRN-2025-0001\nDate of Admission: 2025-03-27\nPrimary Physician: Dr. Smith\nEmergency Contact: Jane Doe (Spouse) - +1-234-567-8901\nMedical History\nChronic Conditions:\n- Hypertension (Diagnosed: 2020)\n- Hyperlipidemia (Diagnosed: 2022)\nPast Surgeries:\n- Appendectomy (2015)\nAllergies:\n- Penicillin (Mild rash reaction)\nFamily Medical History:\n- Father: Hypertension, Diabetes\n- Mother: Asthma\nSymptoms\n- Persistent cough (Duration: 2 months, worsened over time)\n- Shortness of breath (Triggered by exertion, intermittent)\n- Fatigue (Chronic, affecting daily activities)\n- Chest pain (Mild, occasional, associated with coughing)\nVital Signs (At Admission)\nTemperature: 98.4\u00b0F (36.9\u00b0C)\nHeart Rate: 78 bpm\nBlood Pressure: 130/85 mmHg (Elevated)\nRespiratory Rate: 18 breaths/min\nOxygen Saturation (SpO2): 96%\nTest Results\nComplete Blood Count (CBC): Within normal limits (No signs of infection or anemia) Blood Pressure: 130/85 mmHg (Elevated)\nRespiratory Rate: 18 breaths/min\nOxygen Saturation (SpO2): 96%\nTest Results\nComplete Blood Count (CBC): Within normal limits (No signs of infection or anemia)\nChest X-Ray: Mild lung inflammation (Localized in the lower lobes)\nECG (Electrocardiogram): Normal sinus rhythm (No arrhythmias or ischemic changes)\nLipid Profile:\n- Total Cholesterol: 220 mg/dL (Elevated)\n- LDL: 145 mg/dL (Elevated)\n- HDL: 40 mg/dL (Low)\n- Triglycerides: 180 mg/dL (Borderline High)\nMedications\n- Aspirin 75 mg - Once daily (Antiplatelet therapy)\n- Lisinopril 10 mg - Once daily (ACE inhibitor for hypertension)\n- Atorvastatin 20 mg - Once daily (Lipid-lowering agent)\nLifestyle Factors\nSmoking Status: Active smoker (10 cigarettes/day for 20 years)\nAlcohol Consumption: Occasional (2-3 drinks/week)\nExercise: Minimal physical activity\nDiet: High in saturated fats, low in fiber\nPreliminary Diagnosis\n- Chronic Bronchitis (Related to smoking history and persistent cough) Exercise: Minimal physical activity\nDiet: High in saturated fats, low in fiber\nPreliminary Diagnosis\n- Chronic Bronchitis (Related to smoking history and persistent cough)\n- Hypertension (Partially controlled)\n- Dyslipidemia (Elevated cholesterol levels)",
    "name": "John Doe\nAge",
    "age": "45",
    "gender": "Male",
    "medical_history": "Chronic Conditions:\n- Hypertension (Diagnosed: 2020)\n- Hyperlipidemia (Diagnosed: 2022)\nPast Surgeries:\n- Appendectomy (2015)\nAllergies:\n- Penicillin (Mild rash reaction)\nFamily Medical History:\n- Father: Hypertension, Diabetes\n- Mother: Asthma\nSymptoms\n- Persistent cough (Duration: 2 months, worsened over time)\n- Shortness of breath (Triggered by exertion, intermittent)\n- Fatigue (Chronic, affecting daily activities)\n- Chest pain (Mild, occasional, associated with coughing)\nVital Signs (At Admission)\nTemperature: 98.4\u00b0F (36.9\u00b0C)\nHeart Rate: 78 bpm\nBlood Pressure: 130/85 mmHg (Elevated)\nRespiratory Rate: 18 breaths/min\nOxygen Saturation (SpO2): 96%\nTest Results\nComplete Blood Count (CBC): Within normal limits (No signs of infection or anemia) Blood Pressure: 130/85 mmHg (Elevated)\nRespiratory Rate: 18 breaths/min\nOxygen Saturation (SpO2): 96%\nTest Results\nComplete Blood Count (CBC): Within normal limits (No signs of infection or anemia)\nChest X-Ray: Mild lung inflammation (Localized in the lower lobes)\nECG (Electrocardiogram): Normal sinus rhythm (No arrhythmias or ischemic changes)\nLipid Profile:\n- Total Cholesterol: 220 mg/dL (Elevated)\n- LDL: 145 mg/dL (Elevated)\n- HDL: 40 mg/dL (Low)\n- Triglycerides: 180 mg/dL (Borderline High)\nMedications\n- Aspirin 75 mg - Once daily (Antiplatelet therapy)\n- Lisinopril 10 mg - Once daily (ACE inhibitor for hypertension)\n- Atorvastatin 20 mg - Once daily (Lipid-lowering agent)\nLifestyle Factors\nSmoking Status: Active smoker (10 cigarettes/day for 20 years)\nAlcohol Consumption: Occasional (2-3 drinks/week)\nExercise: Minimal physical activity\nDiet: High in saturated fats, low in fiber\nPreliminary Diagnosis\n- Chronic Bronchitis (Related to smoking history and persistent cough) Exercise: Minimal physical activity\nDiet: High in saturated fats, low in fiber\nPreliminary Diagnosis\n- Chronic Bronchitis (Related to smoking history and persistent cough)\n- Hypertension (Partially controlled)\n- Dyslipidemia (Elevated cholesterol levels)",
    "symptoms": [
        "Chest pain",
        "Fatigue",
        "Persistent cough",
        "Shortness of breath"
    ],
    "vital_signs": {
        "heart_rate": "78",
        "blood_pressure": "130/85",
        "temperature": "98.4"
    },
    "test_results": {
        "- Total Cholesterol": "220 mg/dL",
        "- LDL": "145 mg/dL",
        "- HDL": "40 mg/dL",
        "- Triglycerides": "180 mg/dL"
    },
    "medications": [],
    "preliminary_diagnosis": "Chronic Bronchitis (Related to smoking history and persistent cough) Exercise: Minimal physical activity"
}
2025-10-09 14:56:42,514 - models.diagnosis - INFO - Symptoms: Chest pain, Fatigue, Persistent cough, Shortness of breath
2025-10-09 14:56:42,514 - models.diagnosis - INFO - Vitals: heart_rate: 78, blood_pressure: 130/85, temperature: 98.4
2025-10-09 14:56:42,514 - models.diagnosis - INFO - Tests: - Total Cholesterol: 220 mg/dL, - LDL: 145 mg/dL, - HDL: 40 mg/dL, - Triglycerides: 180 mg/dL
2025-10-09 14:56:42,514 - models.diagnosis - INFO - Preliminary Diagnosis: Chronic Bronchitis (Related to smoking history and persistent cough) Exercise: Minimal physical activity
2025-10-09 14:56:43,345 - models.diagnosis - ERROR - Cohere failed to generate diagnosis: status_code: 404, body: {'id': 'dea1ccc9-454d-45f2-a84a-49397ed76baf', 'message': "model 'command' was removed on September 15, 2025. See https://docs.cohere.com/docs/models#command for a list of models you can use instead."}
2025-10-09 14:56:52,486 - models.followup - INFO - Processing diagnosis...
2025-10-09 14:56:52,487 - models.followup - ERROR - Error processing diagnosis: diagnose() takes 1 positional argument but 3 were given
2025-10-09 14:56:52,487 - models.followup - INFO - Patient Data: 
    Symptoms: ['Chest pain', 'Fatigue', 'Persistent cough', 'Shortness of breath']
    Medical History: {'full_report': 'Clinical Report\nPatient Information\nPatient Name: John Doe\nAge: 45\nGender: Male\nMedical Record Number: MRN-2025-0001\nDate of Admission: 2025-03-27\nPrimary Physician: Dr. Smith\nEmergency Contact: Jane Doe (Spouse) - +1-234-567-8901\nMedical History\nChronic Conditions:\n- Hypertension (Diagnosed: 2020)\n- Hyperlipidemia (Diagnosed: 2022)\nPast Surgeries:\n- Appendectomy (2015)\nAllergies:\n- Penicillin (Mild rash reaction)\nFamily Medical History:\n- Father: Hypertension, Diabetes\n- Mother: Asthma\nSymptoms\n- Persistent cough (Duration: 2 months, worsened over time)\n- Shortness of breath (Triggered by exertion, intermittent)\n- Fatigue (Chronic, affecting daily activities)\n- Chest pain (Mild, occasional, associated with coughing)\nVital Signs (At Admission)\nTemperature: 98.4°F (36.9°C)\nHeart Rate: 78 bpm\nBlood Pressure: 130/85 mmHg (Elevated)\nRespiratory Rate: 18 breaths/min\nOxygen Saturation (SpO2): 96%\nTest Results\nComplete Blood Count (CBC): Within normal limits (No signs of infection or anemia) Blood Pressure: 130/85 mmHg (Elevated)\nRespiratory Rate: 18 breaths/min\nOxygen Saturation (SpO2): 96%\nTest Results\nComplete Blood Count (CBC): Within normal limits (No signs of infection or anemia)\nChest X-Ray: Mild lung inflammation (Localized in the lower lobes)\nECG (Electrocardiogram): Normal sinus rhythm (No arrhythmias or ischemic changes)\nLipid Profile:\n- Total Cholesterol: 220 mg/dL (Elevated)\n- LDL: 145 mg/dL (Elevated)\n- HDL: 40 mg/dL (Low)\n- Triglycerides: 180 mg/dL (Borderline High)\nMedications\n- Aspirin 75 mg - Once daily (Antiplatelet therapy)\n- Lisinopril 10 mg - Once daily (ACE inhibitor for hypertension)\n- Atorvastatin 20 mg - Once daily (Lipid-lowering agent)\nLifestyle Factors\nSmoking Status: Active smoker (10 cigarettes/day for 20 years)\nAlcohol Consumption: Occasional (2-3 drinks/week)\nExercise: Minimal physical activity\nDiet: High in saturated fats, low in fiber\nPreliminary Diagnosis\n- Chronic Bronchitis (Related to smoking history and persistent cough) Exercise: Minimal physical activity\nDiet: High in saturated fats, low in fiber\nPreliminary Diagnosis\n- Chronic Bronchitis (Related to smoking history and persistent cough)\n- Hypertension (Partially controlled)\n- Dyslipidemia (Elevated cholesterol levels)', 'name': 'John Doe', 'age': '45', 'gender': 'Male', 'medical_history': 'Chronic Conditions:\n- Hypertension (Diagnosed: 2020)\n- Hyperlipidemia (Diagnosed: 2022)\nPast Surgeries:\n- Appendectomy (2015)\nAllergies:\n- Penicillin (Mild rash reaction)\nFamily Medical History:\n- Father: Hypertension, Diabetes\n- Mother: Asthma\nSymptoms\n- Persistent cough (Duration: 2 months, worsened over time)\n- Shortness of breath (Triggered by exertion, intermittent)\n- Fatigue (Chronic, affecting daily activities)\n- Chest pain (Mild, occasional, associated with coughing)\nVital Signs (At Admission)\nTemperature: 98.4°F (36.9°C)\nHeart Rate: 78 bpm\nBlood Pressure: 130/85 mmHg (Elevated)\nRespiratory Rate: 18 breaths/min\nOxygen Saturation (SpO2): 96%\nTest Results\nComplete Blood Count (CBC): Within normal limits (No signs of infection or anemia) Blood Pressure: 130/85 mmHg (Elevated)\nRespiratory Rate: 18 breaths/min\nOxygen Saturation (SpO2): 96%\nTest Results\nComplete Blood Count (CBC): Within normal limits (No signs of infection or anemia)\nChest X-Ray: Mild lung inflammation (Localized in the lower lobes)\nECG (Electrocardiogram): Normal sinus rhythm (No arrhythmias or ischemic changes)\nLipid Profile:\n- Total Cholesterol: 220 mg/dL (Elevated)\n- LDL: 145 mg/dL (Elevated)\n- HDL: 40 mg/dL (Low)\n- Triglycerides: 180 mg/dL (Borderline High)\nMedications\n- Aspirin 75 mg - Once daily (Antiplatelet therapy)\n- Lisinopril 10 mg - Once daily (ACE inhibitor for hypertension)\n- Atorvastatin 20 mg - Once daily (Lipid-lowering agent)\nLifestyle Factors\nSmoking Status: Active smoker (10 cigarettes/day for 20 years)\nAlcohol Consumption: Occasional (2-3 drinks/week)\nExercise: Minimal physical activity\nDiet: High in saturated fats, low in fiber\nPreliminary Diagnosis\n- Chronic Bronchitis (Related to smoking history and persistent cough) Exercise: Minimal physical activity\nDiet: High in saturated fats, low in fiber\nPreliminary Diagnosis\n- Chronic Bronchitis (Related to smoking history and persistent cough)\n- Hypertension (Partially controlled)\n- Dyslipidemia (Elevated cholesterol levels)', 'symptoms': ['Chest pain', 'Fatigue', 'Persistent cough', 'Shortness of breath'], 'vital_signs': {'heart_rate': '78', 'blood_pressure': '130/85', 'temperature': '98.4'}, 'test_results': {'- Total Cholesterol': '220 mg/dL', '- LDL': '145 mg/dL', '- HDL': '40 mg/dL', '- Triglycerides': '180 mg/dL'}, 'medications': [], 'preliminary_diagnosis': 'Chronic Bronchitis (Related to smoking history and persistent cough) Exercise: Minimal physical activity'}  # Use diagnosis to represent the patient's history
    Test Results: {'- Total Cholesterol': '220 mg/dL', '- LDL': '145 mg/dL', '- HDL': '40 mg/dL', '- Triglycerides': '180 mg/dL'}
    Predicted Diagnosis: General condition
    
2025-10-09 14:56:52,825 - models.followup - ERROR - Cohere error: status_code: 404, body: {'id': '7c0b16f2-0697-4ff7-acb5-616750504d0e', 'message': "model 'command' was removed on September 15, 2025. See https://docs.cohere.com/docs/models#command for a list of models you can use instead."}
2025-10-09 14:56:52,829 - __main__ - INFO - Report generated successfully: report_John_Doe_1760002012.pdf
2025-10-09 15:07:13,543 - models.extract - INFO - Clinical NER model loaded successfully.
2025-10-09 15:07:21,578 - __main__ - INFO - Loading Hugging Face embedding model...
2025-10-09 15:07:39,926 - __main__ - INFO - Loading FAISS index from local storage...
2025-10-09 15:07:39,927 - __main__ - WARNING - No FAISS index found. Returning empty index.
2025-10-09 15:07:39,929 - __main__ - ERROR - Error processing question
Traceback (most recent call last):
  File "C:\Users\IMMERSIVE36\Downloads\medicalchatbot\medicalchatbot\app.py", line 89, in load_faiss_index
    return FAISS.load_local(FAISS_INDEX_PATH, embedding_model)
           ^^^^^^^^^^^^^^^^^^^^^^^^^^^^^^^^^^^^^^^^^^^^^^^^^^^
  File "C:\Users\IMMERSIVE36\AppData\Local\Programs\Python\Python311\Lib\site-packages\langchain_community\vectorstores\faiss.py", line 1078, in load_local
    raise ValueError(
ValueError: The de-serialization relies loading a pickle file. Pickle files can be modified to deliver a malicious payload that results in execution of arbitrary code on your machine.You will need to set `allow_dangerous_deserialization` to `True` to enable deserialization. If you do this, make sure that you trust the source of the data. For example, if you are loading a file that you created, and no that no one else has modified the file, then this is safe to do. Do not set this to `True` if you are loading a file from an untrusted source (e.g., some random site on the internet.).

During handling of the above exception, another exception occurred:

Traceback (most recent call last):
  File "C:\Users\IMMERSIVE36\Downloads\medicalchatbot\medicalchatbot\app.py", line 181, in ask_question
    faiss_index = load_faiss_index()
                  ^^^^^^^^^^^^^^^^^^
  File "C:\Users\IMMERSIVE36\Downloads\medicalchatbot\medicalchatbot\app.py", line 92, in load_faiss_index
    return FAISS.from_texts([], embedding_model)
           ^^^^^^^^^^^^^^^^^^^^^^^^^^^^^^^^^^^^^
  File "C:\Users\IMMERSIVE36\AppData\Local\Programs\Python\Python311\Lib\site-packages\langchain_community\vectorstores\faiss.py", line 931, in from_texts
    return cls.__from(
           ^^^^^^^^^^^
  File "C:\Users\IMMERSIVE36\AppData\Local\Programs\Python\Python311\Lib\site-packages\langchain_community\vectorstores\faiss.py", line 888, in __from
    index = faiss.IndexFlatL2(len(embeddings[0]))
                                  ~~~~~~~~~~^^^
IndexError: list index out of range
2025-10-09 15:08:13,282 - __main__ - INFO - Report generation requested
2025-10-09 15:08:13,282 - models.extract - INFO - Received report content:
Clinical Report
Patient Information
Patient Name: John Doe
Age: 45
Gender: Male
Medical Record Number: MRN-2025-0001
Date of Admission: 2025-03-27
Primary Physician: Dr. Smith
Emergency Contact: Jane Doe (Spouse) - +1-234-567-8901
Medical History
Chronic Conditions:
- Hypertension (Diagnosed: 2020)
- Hyperlipidemia (Diagnosed: 2022)
Past Surgeries:
- Appendectomy (2015)
Allergies:
- Penicillin (Mild rash reaction)
Family Medical History:
- Father: Hypertension, Diabetes
- Mother: Asthma
Symptoms
- Persistent cough (Duration: 2 months, worsened over time)
- Shortness of breath (Triggered by exertion, intermittent)
- Fatigue (Chronic, affecting daily activities)
- Chest pain (Mild, occasional, associated with coughing)
Vital Signs (At Admission)
Temperature: 98.4°F (36.9°C)
Heart Rate: 78 bpm
Blood Pressure: 130/85 mmHg (Elevated)
Respiratory Rate: 18 breaths/min
Oxygen Saturation (SpO2): 96%
Test Results
Complete Blood Count (CBC): Within normal limits (No signs of infection or anemia) Blood Pressure: 130/85 mmHg (Elevated)
Respiratory Rate: 18 breaths/min
Oxygen Saturation (SpO2): 96%
Test Results
Complete Blood Count (CBC): Within normal limits (No signs of infection or anemia)
Chest X-Ray: Mild lung inflammation (Localized in the lower lobes)
ECG (Electrocardiogram): Normal sinus rhythm (No arrhythmias or ischemic changes)
Lipid Profile:
- Total Cholesterol: 220 mg/dL (Elevated)
- LDL: 145 mg/dL (Elevated)
- HDL: 40 mg/dL (Low)
- Triglycerides: 180 mg/dL (Borderline High)
Medications
- Aspirin 75 mg - Once daily (Antiplatelet therapy)
- Lisinopril 10 mg - Once daily (ACE inhibitor for hypertension)
- Atorvastatin 20 mg - Once daily (Lipid-lowering agent)
Lifestyle Factors
Smoking Status: Active smoker (10 cigarettes/day for 20 years)
Alcohol Consumption: Occasional (2-3 drinks/week)
Exercise: Minimal physical activity
Diet: High in saturated fats, low in fiber
Preliminary Diagnosis
- Chronic Bronchitis (Related to smoking history and persistent cough) Exercise: Minimal physical activity
Diet: High in saturated fats, low in fiber
Preliminary Diagnosis
- Chronic Bronchitis (Related to smoking history and persistent cough)
- Hypertension (Partially controlled)
- Dyslipidemia (Elevated cholesterol levels)
2025-10-09 15:08:14,939 - models.extract - INFO - Final Extracted Data:
{
    "full_report": "Clinical Report\nPatient Information\nPatient Name: John Doe\nAge: 45\nGender: Male\nMedical Record Number: MRN-2025-0001\nDate of Admission: 2025-03-27\nPrimary Physician: Dr. Smith\nEmergency Contact: Jane Doe (Spouse) - +1-234-567-8901\nMedical History\nChronic Conditions:\n- Hypertension (Diagnosed: 2020)\n- Hyperlipidemia (Diagnosed: 2022)\nPast Surgeries:\n- Appendectomy (2015)\nAllergies:\n- Penicillin (Mild rash reaction)\nFamily Medical History:\n- Father: Hypertension, Diabetes\n- Mother: Asthma\nSymptoms\n- Persistent cough (Duration: 2 months, worsened over time)\n- Shortness of breath (Triggered by exertion, intermittent)\n- Fatigue (Chronic, affecting daily activities)\n- Chest pain (Mild, occasional, associated with coughing)\nVital Signs (At Admission)\nTemperature: 98.4\u00b0F (36.9\u00b0C)\nHeart Rate: 78 bpm\nBlood Pressure: 130/85 mmHg (Elevated)\nRespiratory Rate: 18 breaths/min\nOxygen Saturation (SpO2): 96%\nTest Results\nComplete Blood Count (CBC): Within normal limits (No signs of infection or anemia) Blood Pressure: 130/85 mmHg (Elevated)\nRespiratory Rate: 18 breaths/min\nOxygen Saturation (SpO2): 96%\nTest Results\nComplete Blood Count (CBC): Within normal limits (No signs of infection or anemia)\nChest X-Ray: Mild lung inflammation (Localized in the lower lobes)\nECG (Electrocardiogram): Normal sinus rhythm (No arrhythmias or ischemic changes)\nLipid Profile:\n- Total Cholesterol: 220 mg/dL (Elevated)\n- LDL: 145 mg/dL (Elevated)\n- HDL: 40 mg/dL (Low)\n- Triglycerides: 180 mg/dL (Borderline High)\nMedications\n- Aspirin 75 mg - Once daily (Antiplatelet therapy)\n- Lisinopril 10 mg - Once daily (ACE inhibitor for hypertension)\n- Atorvastatin 20 mg - Once daily (Lipid-lowering agent)\nLifestyle Factors\nSmoking Status: Active smoker (10 cigarettes/day for 20 years)\nAlcohol Consumption: Occasional (2-3 drinks/week)\nExercise: Minimal physical activity\nDiet: High in saturated fats, low in fiber\nPreliminary Diagnosis\n- Chronic Bronchitis (Related to smoking history and persistent cough) Exercise: Minimal physical activity\nDiet: High in saturated fats, low in fiber\nPreliminary Diagnosis\n- Chronic Bronchitis (Related to smoking history and persistent cough)\n- Hypertension (Partially controlled)\n- Dyslipidemia (Elevated cholesterol levels)",
    "name": "John Doe\nAge",
    "age": "45",
    "gender": "Male",
    "medical_history": "Chronic Conditions:\n- Hypertension (Diagnosed: 2020)\n- Hyperlipidemia (Diagnosed: 2022)\nPast Surgeries:\n- Appendectomy (2015)\nAllergies:\n- Penicillin (Mild rash reaction)\nFamily Medical History:\n- Father: Hypertension, Diabetes\n- Mother: Asthma\nSymptoms\n- Persistent cough (Duration: 2 months, worsened over time)\n- Shortness of breath (Triggered by exertion, intermittent)\n- Fatigue (Chronic, affecting daily activities)\n- Chest pain (Mild, occasional, associated with coughing)\nVital Signs (At Admission)\nTemperature: 98.4\u00b0F (36.9\u00b0C)\nHeart Rate: 78 bpm\nBlood Pressure: 130/85 mmHg (Elevated)\nRespiratory Rate: 18 breaths/min\nOxygen Saturation (SpO2): 96%\nTest Results\nComplete Blood Count (CBC): Within normal limits (No signs of infection or anemia) Blood Pressure: 130/85 mmHg (Elevated)\nRespiratory Rate: 18 breaths/min\nOxygen Saturation (SpO2): 96%\nTest Results\nComplete Blood Count (CBC): Within normal limits (No signs of infection or anemia)\nChest X-Ray: Mild lung inflammation (Localized in the lower lobes)\nECG (Electrocardiogram): Normal sinus rhythm (No arrhythmias or ischemic changes)\nLipid Profile:\n- Total Cholesterol: 220 mg/dL (Elevated)\n- LDL: 145 mg/dL (Elevated)\n- HDL: 40 mg/dL (Low)\n- Triglycerides: 180 mg/dL (Borderline High)\nMedications\n- Aspirin 75 mg - Once daily (Antiplatelet therapy)\n- Lisinopril 10 mg - Once daily (ACE inhibitor for hypertension)\n- Atorvastatin 20 mg - Once daily (Lipid-lowering agent)\nLifestyle Factors\nSmoking Status: Active smoker (10 cigarettes/day for 20 years)\nAlcohol Consumption: Occasional (2-3 drinks/week)\nExercise: Minimal physical activity\nDiet: High in saturated fats, low in fiber\nPreliminary Diagnosis\n- Chronic Bronchitis (Related to smoking history and persistent cough) Exercise: Minimal physical activity\nDiet: High in saturated fats, low in fiber\nPreliminary Diagnosis\n- Chronic Bronchitis (Related to smoking history and persistent cough)\n- Hypertension (Partially controlled)\n- Dyslipidemia (Elevated cholesterol levels)",
    "symptoms": [
        "Fatigue",
        "Persistent cough",
        "Shortness of breath",
        "Chest pain"
    ],
    "vital_signs": {
        "heart_rate": "78",
        "blood_pressure": "130/85",
        "temperature": "98.4"
    },
    "test_results": {
        "- Total Cholesterol": "220 mg/dL",
        "- LDL": "145 mg/dL",
        "- HDL": "40 mg/dL",
        "- Triglycerides": "180 mg/dL"
    },
    "medications": [],
    "preliminary_diagnosis": "Chronic Bronchitis (Related to smoking history and persistent cough) Exercise: Minimal physical activity"
}
2025-10-09 15:08:14,941 - models.extract - INFO - Received report content:
Clinical Report
Patient Information
Patient Name: John Doe
Age: 45
Gender: Male
Medical Record Number: MRN-2025-0001
Date of Admission: 2025-03-27
Primary Physician: Dr. Smith
Emergency Contact: Jane Doe (Spouse) - +1-234-567-8901
Medical History
Chronic Conditions:
- Hypertension (Diagnosed: 2020)
- Hyperlipidemia (Diagnosed: 2022)
Past Surgeries:
- Appendectomy (2015)
Allergies:
- Penicillin (Mild rash reaction)
Family Medical History:
- Father: Hypertension, Diabetes
- Mother: Asthma
Symptoms
- Persistent cough (Duration: 2 months, worsened over time)
- Shortness of breath (Triggered by exertion, intermittent)
- Fatigue (Chronic, affecting daily activities)
- Chest pain (Mild, occasional, associated with coughing)
Vital Signs (At Admission)
Temperature: 98.4°F (36.9°C)
Heart Rate: 78 bpm
Blood Pressure: 130/85 mmHg (Elevated)
Respiratory Rate: 18 breaths/min
Oxygen Saturation (SpO2): 96%
Test Results
Complete Blood Count (CBC): Within normal limits (No signs of infection or anemia) Blood Pressure: 130/85 mmHg (Elevated)
Respiratory Rate: 18 breaths/min
Oxygen Saturation (SpO2): 96%
Test Results
Complete Blood Count (CBC): Within normal limits (No signs of infection or anemia)
Chest X-Ray: Mild lung inflammation (Localized in the lower lobes)
ECG (Electrocardiogram): Normal sinus rhythm (No arrhythmias or ischemic changes)
Lipid Profile:
- Total Cholesterol: 220 mg/dL (Elevated)
- LDL: 145 mg/dL (Elevated)
- HDL: 40 mg/dL (Low)
- Triglycerides: 180 mg/dL (Borderline High)
Medications
- Aspirin 75 mg - Once daily (Antiplatelet therapy)
- Lisinopril 10 mg - Once daily (ACE inhibitor for hypertension)
- Atorvastatin 20 mg - Once daily (Lipid-lowering agent)
Lifestyle Factors
Smoking Status: Active smoker (10 cigarettes/day for 20 years)
Alcohol Consumption: Occasional (2-3 drinks/week)
Exercise: Minimal physical activity
Diet: High in saturated fats, low in fiber
Preliminary Diagnosis
- Chronic Bronchitis (Related to smoking history and persistent cough) Exercise: Minimal physical activity
Diet: High in saturated fats, low in fiber
Preliminary Diagnosis
- Chronic Bronchitis (Related to smoking history and persistent cough)
- Hypertension (Partially controlled)
- Dyslipidemia (Elevated cholesterol levels)
2025-10-09 15:08:16,369 - models.extract - INFO - Final Extracted Data:
{
    "full_report": "Clinical Report\nPatient Information\nPatient Name: John Doe\nAge: 45\nGender: Male\nMedical Record Number: MRN-2025-0001\nDate of Admission: 2025-03-27\nPrimary Physician: Dr. Smith\nEmergency Contact: Jane Doe (Spouse) - +1-234-567-8901\nMedical History\nChronic Conditions:\n- Hypertension (Diagnosed: 2020)\n- Hyperlipidemia (Diagnosed: 2022)\nPast Surgeries:\n- Appendectomy (2015)\nAllergies:\n- Penicillin (Mild rash reaction)\nFamily Medical History:\n- Father: Hypertension, Diabetes\n- Mother: Asthma\nSymptoms\n- Persistent cough (Duration: 2 months, worsened over time)\n- Shortness of breath (Triggered by exertion, intermittent)\n- Fatigue (Chronic, affecting daily activities)\n- Chest pain (Mild, occasional, associated with coughing)\nVital Signs (At Admission)\nTemperature: 98.4\u00b0F (36.9\u00b0C)\nHeart Rate: 78 bpm\nBlood Pressure: 130/85 mmHg (Elevated)\nRespiratory Rate: 18 breaths/min\nOxygen Saturation (SpO2): 96%\nTest Results\nComplete Blood Count (CBC): Within normal limits (No signs of infection or anemia) Blood Pressure: 130/85 mmHg (Elevated)\nRespiratory Rate: 18 breaths/min\nOxygen Saturation (SpO2): 96%\nTest Results\nComplete Blood Count (CBC): Within normal limits (No signs of infection or anemia)\nChest X-Ray: Mild lung inflammation (Localized in the lower lobes)\nECG (Electrocardiogram): Normal sinus rhythm (No arrhythmias or ischemic changes)\nLipid Profile:\n- Total Cholesterol: 220 mg/dL (Elevated)\n- LDL: 145 mg/dL (Elevated)\n- HDL: 40 mg/dL (Low)\n- Triglycerides: 180 mg/dL (Borderline High)\nMedications\n- Aspirin 75 mg - Once daily (Antiplatelet therapy)\n- Lisinopril 10 mg - Once daily (ACE inhibitor for hypertension)\n- Atorvastatin 20 mg - Once daily (Lipid-lowering agent)\nLifestyle Factors\nSmoking Status: Active smoker (10 cigarettes/day for 20 years)\nAlcohol Consumption: Occasional (2-3 drinks/week)\nExercise: Minimal physical activity\nDiet: High in saturated fats, low in fiber\nPreliminary Diagnosis\n- Chronic Bronchitis (Related to smoking history and persistent cough) Exercise: Minimal physical activity\nDiet: High in saturated fats, low in fiber\nPreliminary Diagnosis\n- Chronic Bronchitis (Related to smoking history and persistent cough)\n- Hypertension (Partially controlled)\n- Dyslipidemia (Elevated cholesterol levels)",
    "name": "John Doe\nAge",
    "age": "45",
    "gender": "Male",
    "medical_history": "Chronic Conditions:\n- Hypertension (Diagnosed: 2020)\n- Hyperlipidemia (Diagnosed: 2022)\nPast Surgeries:\n- Appendectomy (2015)\nAllergies:\n- Penicillin (Mild rash reaction)\nFamily Medical History:\n- Father: Hypertension, Diabetes\n- Mother: Asthma\nSymptoms\n- Persistent cough (Duration: 2 months, worsened over time)\n- Shortness of breath (Triggered by exertion, intermittent)\n- Fatigue (Chronic, affecting daily activities)\n- Chest pain (Mild, occasional, associated with coughing)\nVital Signs (At Admission)\nTemperature: 98.4\u00b0F (36.9\u00b0C)\nHeart Rate: 78 bpm\nBlood Pressure: 130/85 mmHg (Elevated)\nRespiratory Rate: 18 breaths/min\nOxygen Saturation (SpO2): 96%\nTest Results\nComplete Blood Count (CBC): Within normal limits (No signs of infection or anemia) Blood Pressure: 130/85 mmHg (Elevated)\nRespiratory Rate: 18 breaths/min\nOxygen Saturation (SpO2): 96%\nTest Results\nComplete Blood Count (CBC): Within normal limits (No signs of infection or anemia)\nChest X-Ray: Mild lung inflammation (Localized in the lower lobes)\nECG (Electrocardiogram): Normal sinus rhythm (No arrhythmias or ischemic changes)\nLipid Profile:\n- Total Cholesterol: 220 mg/dL (Elevated)\n- LDL: 145 mg/dL (Elevated)\n- HDL: 40 mg/dL (Low)\n- Triglycerides: 180 mg/dL (Borderline High)\nMedications\n- Aspirin 75 mg - Once daily (Antiplatelet therapy)\n- Lisinopril 10 mg - Once daily (ACE inhibitor for hypertension)\n- Atorvastatin 20 mg - Once daily (Lipid-lowering agent)\nLifestyle Factors\nSmoking Status: Active smoker (10 cigarettes/day for 20 years)\nAlcohol Consumption: Occasional (2-3 drinks/week)\nExercise: Minimal physical activity\nDiet: High in saturated fats, low in fiber\nPreliminary Diagnosis\n- Chronic Bronchitis (Related to smoking history and persistent cough) Exercise: Minimal physical activity\nDiet: High in saturated fats, low in fiber\nPreliminary Diagnosis\n- Chronic Bronchitis (Related to smoking history and persistent cough)\n- Hypertension (Partially controlled)\n- Dyslipidemia (Elevated cholesterol levels)",
    "symptoms": [
        "Fatigue",
        "Persistent cough",
        "Shortness of breath",
        "Chest pain"
    ],
    "vital_signs": {
        "heart_rate": "78",
        "blood_pressure": "130/85",
        "temperature": "98.4"
    },
    "test_results": {
        "- Total Cholesterol": "220 mg/dL",
        "- LDL": "145 mg/dL",
        "- HDL": "40 mg/dL",
        "- Triglycerides": "180 mg/dL"
    },
    "medications": [],
    "preliminary_diagnosis": "Chronic Bronchitis (Related to smoking history and persistent cough) Exercise: Minimal physical activity"
}
2025-10-09 15:08:16,370 - models.diagnosis - INFO - Symptoms: Fatigue, Persistent cough, Shortness of breath, Chest pain
2025-10-09 15:08:16,370 - models.diagnosis - INFO - Vitals: heart_rate: 78, blood_pressure: 130/85, temperature: 98.4
2025-10-09 15:08:16,371 - models.diagnosis - INFO - Tests: - Total Cholesterol: 220 mg/dL, - LDL: 145 mg/dL, - HDL: 40 mg/dL, - Triglycerides: 180 mg/dL
2025-10-09 15:08:16,371 - models.diagnosis - INFO - Preliminary Diagnosis: Chronic Bronchitis (Related to smoking history and persistent cough) Exercise: Minimal physical activity
2025-10-09 15:08:40,238 - models.diagnosis - INFO - Raw Diagnosis Output:
Based on the provided patient data, here is the differential diagnosis with confidence scores, considering symptom patterns, vital signs, laboratory results, and preliminary assessment:

1. **Chronic Obstructive Pulmonary Disease (COPD) with Acute Exacerbation** - **85%**  
   - **Rationale**: Persistent cough, shortness of breath, and chest pain are hallmark symptoms of COPD, especially in a patient with a smoking history and minimal physical activity. Fatigue is also common due to hypoxia and increased respiratory effort. The preliminary assessment of chronic bronchitis aligns with this diagnosis, as chronic bronchitis is a subtype of COPD. Vital signs are stable, but laboratory results (elevated cholesterol and triglycerides) suggest cardiovascular risk, which is common in COPD patients due to systemic inflammation and smoking-related damage.  
   - **Confidence**: High, due to strong clinical evidence linking symptoms, smoking history, and preliminary assessment.

2. **Ischemic Heart Disease (Stable Angina)** - **10%**  
   - **Rationale**: Chest pain, fatigue, and shortness of breath could indicate ischemic heart disease, especially with abnormal lipid levels (elevated total cholesterol, LDL, and triglycerides, low HDL). However, the absence of significant vital sign abnormalities (e.g., tachycardia, hypertension) and the prominence of respiratory symptoms (cough, shortness of breath) make this less likely as the primary diagnosis.  
   - **Confidence**: Moderate, as lipid abnormalities and chest pain are concerning but not the dominant clinical picture.

3. **Congestive Heart Failure (CHF)** - **5%**  
   - **Rationale**: Fatigue, shortness of breath, and chest pain can occur in CHF, but the absence of peripheral edema, elevated blood pressure, or significant tachycardia reduces the likelihood. Laboratory results (lipid abnormalities) are more indicative of atherosclerotic risk rather than CHF.  
   - **Confidence**: Low, as the clinical presentation is more consistent with respiratory pathology.

**Final Differential Diagnosis:**  
1. Chronic Obstructive Pulmonary Disease (COPD) with Acute Exacerbation - 85%  
2. Ischemic Heart Disease (Stable Angina) - 10%  
3. Congestive Heart Failure (CHF) - 5%  

Further diagnostic steps (e.g., pulmonary function tests, ECG, chest X-ray) would help confirm the primary diagnosis and rule out alternatives.
2025-10-09 15:09:30,385 - models.followup - INFO - Processing diagnosis...
2025-10-09 15:09:30,385 - models.followup - ERROR - Error processing diagnosis: diagnose() takes 1 positional argument but 3 were given
2025-10-09 15:09:30,385 - models.followup - INFO - Patient Data: 
    Symptoms: ['Fatigue', 'Persistent cough', 'Shortness of breath', 'Chest pain']
    Medical History: {'full_report': 'Clinical Report\nPatient Information\nPatient Name: John Doe\nAge: 45\nGender: Male\nMedical Record Number: MRN-2025-0001\nDate of Admission: 2025-03-27\nPrimary Physician: Dr. Smith\nEmergency Contact: Jane Doe (Spouse) - +1-234-567-8901\nMedical History\nChronic Conditions:\n- Hypertension (Diagnosed: 2020)\n- Hyperlipidemia (Diagnosed: 2022)\nPast Surgeries:\n- Appendectomy (2015)\nAllergies:\n- Penicillin (Mild rash reaction)\nFamily Medical History:\n- Father: Hypertension, Diabetes\n- Mother: Asthma\nSymptoms\n- Persistent cough (Duration: 2 months, worsened over time)\n- Shortness of breath (Triggered by exertion, intermittent)\n- Fatigue (Chronic, affecting daily activities)\n- Chest pain (Mild, occasional, associated with coughing)\nVital Signs (At Admission)\nTemperature: 98.4°F (36.9°C)\nHeart Rate: 78 bpm\nBlood Pressure: 130/85 mmHg (Elevated)\nRespiratory Rate: 18 breaths/min\nOxygen Saturation (SpO2): 96%\nTest Results\nComplete Blood Count (CBC): Within normal limits (No signs of infection or anemia) Blood Pressure: 130/85 mmHg (Elevated)\nRespiratory Rate: 18 breaths/min\nOxygen Saturation (SpO2): 96%\nTest Results\nComplete Blood Count (CBC): Within normal limits (No signs of infection or anemia)\nChest X-Ray: Mild lung inflammation (Localized in the lower lobes)\nECG (Electrocardiogram): Normal sinus rhythm (No arrhythmias or ischemic changes)\nLipid Profile:\n- Total Cholesterol: 220 mg/dL (Elevated)\n- LDL: 145 mg/dL (Elevated)\n- HDL: 40 mg/dL (Low)\n- Triglycerides: 180 mg/dL (Borderline High)\nMedications\n- Aspirin 75 mg - Once daily (Antiplatelet therapy)\n- Lisinopril 10 mg - Once daily (ACE inhibitor for hypertension)\n- Atorvastatin 20 mg - Once daily (Lipid-lowering agent)\nLifestyle Factors\nSmoking Status: Active smoker (10 cigarettes/day for 20 years)\nAlcohol Consumption: Occasional (2-3 drinks/week)\nExercise: Minimal physical activity\nDiet: High in saturated fats, low in fiber\nPreliminary Diagnosis\n- Chronic Bronchitis (Related to smoking history and persistent cough) Exercise: Minimal physical activity\nDiet: High in saturated fats, low in fiber\nPreliminary Diagnosis\n- Chronic Bronchitis (Related to smoking history and persistent cough)\n- Hypertension (Partially controlled)\n- Dyslipidemia (Elevated cholesterol levels)', 'name': 'John Doe', 'age': '45', 'gender': 'Male', 'medical_history': 'Chronic Conditions:\n- Hypertension (Diagnosed: 2020)\n- Hyperlipidemia (Diagnosed: 2022)\nPast Surgeries:\n- Appendectomy (2015)\nAllergies:\n- Penicillin (Mild rash reaction)\nFamily Medical History:\n- Father: Hypertension, Diabetes\n- Mother: Asthma\nSymptoms\n- Persistent cough (Duration: 2 months, worsened over time)\n- Shortness of breath (Triggered by exertion, intermittent)\n- Fatigue (Chronic, affecting daily activities)\n- Chest pain (Mild, occasional, associated with coughing)\nVital Signs (At Admission)\nTemperature: 98.4°F (36.9°C)\nHeart Rate: 78 bpm\nBlood Pressure: 130/85 mmHg (Elevated)\nRespiratory Rate: 18 breaths/min\nOxygen Saturation (SpO2): 96%\nTest Results\nComplete Blood Count (CBC): Within normal limits (No signs of infection or anemia) Blood Pressure: 130/85 mmHg (Elevated)\nRespiratory Rate: 18 breaths/min\nOxygen Saturation (SpO2): 96%\nTest Results\nComplete Blood Count (CBC): Within normal limits (No signs of infection or anemia)\nChest X-Ray: Mild lung inflammation (Localized in the lower lobes)\nECG (Electrocardiogram): Normal sinus rhythm (No arrhythmias or ischemic changes)\nLipid Profile:\n- Total Cholesterol: 220 mg/dL (Elevated)\n- LDL: 145 mg/dL (Elevated)\n- HDL: 40 mg/dL (Low)\n- Triglycerides: 180 mg/dL (Borderline High)\nMedications\n- Aspirin 75 mg - Once daily (Antiplatelet therapy)\n- Lisinopril 10 mg - Once daily (ACE inhibitor for hypertension)\n- Atorvastatin 20 mg - Once daily (Lipid-lowering agent)\nLifestyle Factors\nSmoking Status: Active smoker (10 cigarettes/day for 20 years)\nAlcohol Consumption: Occasional (2-3 drinks/week)\nExercise: Minimal physical activity\nDiet: High in saturated fats, low in fiber\nPreliminary Diagnosis\n- Chronic Bronchitis (Related to smoking history and persistent cough) Exercise: Minimal physical activity\nDiet: High in saturated fats, low in fiber\nPreliminary Diagnosis\n- Chronic Bronchitis (Related to smoking history and persistent cough)\n- Hypertension (Partially controlled)\n- Dyslipidemia (Elevated cholesterol levels)', 'symptoms': ['Fatigue', 'Persistent cough', 'Shortness of breath', 'Chest pain'], 'vital_signs': {'heart_rate': '78', 'blood_pressure': '130/85', 'temperature': '98.4'}, 'test_results': {'- Total Cholesterol': '220 mg/dL', '- LDL': '145 mg/dL', '- HDL': '40 mg/dL', '- Triglycerides': '180 mg/dL'}, 'medications': [], 'preliminary_diagnosis': 'Chronic Bronchitis (Related to smoking history and persistent cough) Exercise: Minimal physical activity'}  # Use diagnosis to represent the patient's history
    Test Results: {'- Total Cholesterol': '220 mg/dL', '- LDL': '145 mg/dL', '- HDL': '40 mg/dL', '- Triglycerides': '180 mg/dL'}
    Predicted Diagnosis: General condition
    
2025-10-09 15:09:52,958 - __main__ - ERROR - PDF generation failed: 'latin-1' codec can't encode character '\u2019' in position 892: ordinal not in range(256)
2025-10-09 15:11:04,677 - models.extract - INFO - Clinical NER model loaded successfully.
2025-10-09 15:11:09,977 - models.followup - WARNING - Missing COHERE_API_KEY. Cohere features will be disabled.
2025-10-09 15:11:10,008 - __main__ - INFO - Loading Hugging Face embedding model...
2025-10-09 15:12:08,295 - __main__ - INFO - File uploaded successfully: 1760002928_Formatted_Clinical_Report.docx
2025-10-09 15:12:10,729 - __main__ - INFO - Loading FAISS index from local storage...
2025-10-09 15:12:10,741 - __main__ - WARNING - No FAISS index found: Error in __cdecl faiss::FileIOReader::FileIOReader(const char *) at D:\a\faiss-wheels\faiss-wheels\faiss\faiss\impl\io.cpp:68: Error: 'f' failed: could not open faiss_index\index.faiss for reading: No such file or directory. Creating empty index.
2025-10-09 15:13:42,196 - __main__ - INFO - Loading FAISS index from local storage...
2025-10-09 15:13:42,197 - __main__ - WARNING - No FAISS index found: Error in __cdecl faiss::FileIOReader::FileIOReader(const char *) at D:\a\faiss-wheels\faiss-wheels\faiss\faiss\impl\io.cpp:68: Error: 'f' failed: could not open faiss_index\index.faiss for reading: No such file or directory. Creating empty index.
2025-10-09 15:13:58,065 - __main__ - INFO - Loading FAISS index from local storage...
2025-10-09 15:13:58,066 - __main__ - WARNING - No FAISS index found: Error in __cdecl faiss::FileIOReader::FileIOReader(const char *) at D:\a\faiss-wheels\faiss-wheels\faiss\faiss\impl\io.cpp:68: Error: 'f' failed: could not open faiss_index\index.faiss for reading: No such file or directory. Creating empty index.
2025-10-09 15:14:10,832 - __main__ - INFO - Loading FAISS index from local storage...
2025-10-09 15:14:10,834 - __main__ - WARNING - No FAISS index found: Error in __cdecl faiss::FileIOReader::FileIOReader(const char *) at D:\a\faiss-wheels\faiss-wheels\faiss\faiss\impl\io.cpp:68: Error: 'f' failed: could not open faiss_index\index.faiss for reading: No such file or directory. Creating empty index.
2025-10-09 15:14:46,698 - __main__ - INFO - Loading FAISS index from local storage...
2025-10-09 15:14:46,698 - __main__ - WARNING - No FAISS index found: Error in __cdecl faiss::FileIOReader::FileIOReader(const char *) at D:\a\faiss-wheels\faiss-wheels\faiss\faiss\impl\io.cpp:68: Error: 'f' failed: could not open faiss_index\index.faiss for reading: No such file or directory. Creating empty index.
2025-10-09 15:15:14,347 - __main__ - INFO - Loading FAISS index from local storage...
2025-10-09 15:15:14,348 - __main__ - WARNING - No FAISS index found: Error in __cdecl faiss::FileIOReader::FileIOReader(const char *) at D:\a\faiss-wheels\faiss-wheels\faiss\faiss\impl\io.cpp:68: Error: 'f' failed: could not open faiss_index\index.faiss for reading: No such file or directory. Creating empty index.
2025-10-09 15:15:29,609 - __main__ - INFO - Loading FAISS index from local storage...
2025-10-09 15:15:29,610 - __main__ - WARNING - No FAISS index found: Error in __cdecl faiss::FileIOReader::FileIOReader(const char *) at D:\a\faiss-wheels\faiss-wheels\faiss\faiss\impl\io.cpp:68: Error: 'f' failed: could not open faiss_index\index.faiss for reading: No such file or directory. Creating empty index.
2025-10-09 15:16:01,363 - __main__ - INFO - Loading FAISS index from local storage...
2025-10-09 15:16:01,363 - __main__ - WARNING - No FAISS index found: Error in __cdecl faiss::FileIOReader::FileIOReader(const char *) at D:\a\faiss-wheels\faiss-wheels\faiss\faiss\impl\io.cpp:68: Error: 'f' failed: could not open faiss_index\index.faiss for reading: No such file or directory. Creating empty index.
2025-10-09 15:18:58,186 - __main__ - INFO - Loading FAISS index from local storage...
2025-10-09 15:18:58,187 - __main__ - WARNING - No FAISS index found: Error in __cdecl faiss::FileIOReader::FileIOReader(const char *) at D:\a\faiss-wheels\faiss-wheels\faiss\faiss\impl\io.cpp:68: Error: 'f' failed: could not open faiss_index\index.faiss for reading: No such file or directory. Creating empty index.
2025-10-09 15:19:16,945 - __main__ - INFO - Loading FAISS index from local storage...
2025-10-09 15:19:16,945 - __main__ - WARNING - No FAISS index found: Error in __cdecl faiss::FileIOReader::FileIOReader(const char *) at D:\a\faiss-wheels\faiss-wheels\faiss\faiss\impl\io.cpp:68: Error: 'f' failed: could not open faiss_index\index.faiss for reading: No such file or directory. Creating empty index.
2025-10-09 15:19:35,769 - __main__ - INFO - Loading FAISS index from local storage...
2025-10-09 15:19:35,769 - __main__ - WARNING - No FAISS index found: Error in __cdecl faiss::FileIOReader::FileIOReader(const char *) at D:\a\faiss-wheels\faiss-wheels\faiss\faiss\impl\io.cpp:68: Error: 'f' failed: could not open faiss_index\index.faiss for reading: No such file or directory. Creating empty index.
2025-10-09 15:19:58,729 - __main__ - INFO - Loading FAISS index from local storage...
2025-10-09 15:19:58,730 - __main__ - WARNING - No FAISS index found: Error in __cdecl faiss::FileIOReader::FileIOReader(const char *) at D:\a\faiss-wheels\faiss-wheels\faiss\faiss\impl\io.cpp:68: Error: 'f' failed: could not open faiss_index\index.faiss for reading: No such file or directory. Creating empty index.
2025-10-09 15:20:19,969 - __main__ - INFO - Loading FAISS index from local storage...
2025-10-09 15:20:19,970 - __main__ - WARNING - No FAISS index found: Error in __cdecl faiss::FileIOReader::FileIOReader(const char *) at D:\a\faiss-wheels\faiss-wheels\faiss\faiss\impl\io.cpp:68: Error: 'f' failed: could not open faiss_index\index.faiss for reading: No such file or directory. Creating empty index.
2025-10-09 15:20:54,834 - __main__ - INFO - Loading FAISS index from local storage...
2025-10-09 15:20:54,835 - __main__ - WARNING - No FAISS index found: Error in __cdecl faiss::FileIOReader::FileIOReader(const char *) at D:\a\faiss-wheels\faiss-wheels\faiss\faiss\impl\io.cpp:68: Error: 'f' failed: could not open faiss_index\index.faiss for reading: No such file or directory. Creating empty index.
2025-10-09 15:21:58,120 - __main__ - INFO - Loading FAISS index from local storage...
2025-10-09 15:21:58,121 - __main__ - WARNING - No FAISS index found: Error in __cdecl faiss::FileIOReader::FileIOReader(const char *) at D:\a\faiss-wheels\faiss-wheels\faiss\faiss\impl\io.cpp:68: Error: 'f' failed: could not open faiss_index\index.faiss for reading: No such file or directory. Creating empty index.
2025-10-09 15:22:52,027 - __main__ - INFO - Loading FAISS index from local storage...
2025-10-09 15:22:52,028 - __main__ - WARNING - No FAISS index found: Error in __cdecl faiss::FileIOReader::FileIOReader(const char *) at D:\a\faiss-wheels\faiss-wheels\faiss\faiss\impl\io.cpp:68: Error: 'f' failed: could not open faiss_index\index.faiss for reading: No such file or directory. Creating empty index.
2025-10-09 15:23:22,510 - __main__ - INFO - Loading FAISS index from local storage...
2025-10-09 15:23:22,510 - __main__ - WARNING - No FAISS index found: Error in __cdecl faiss::FileIOReader::FileIOReader(const char *) at D:\a\faiss-wheels\faiss-wheels\faiss\faiss\impl\io.cpp:68: Error: 'f' failed: could not open faiss_index\index.faiss for reading: No such file or directory. Creating empty index.
2025-10-09 15:32:11,277 - models.extract - INFO - Clinical NER model loaded successfully.
2025-10-09 15:32:17,346 - models.followup - WARNING - Missing COHERE_API_KEY. Cohere features will be disabled.
2025-10-09 15:32:17,363 - __main__ - INFO - Loading Hugging Face embedding model...
